OBD1 ID,OBD2 ID,OBD3 ID,Count,Frequency
3,158,186,11,1.9969283611027402e-05
11,40,196,2,3.6307788383686183e-06
14,72,182,2,3.6307788383686183e-06
18,147,192,1,1.8153894191843091e-06
7,44,184,2,3.6307788383686183e-06
10,110,193,1,1.8153894191843091e-06
17,121,182,1,1.8153894191843091e-06
17,94,192,3,5.446168257552928e-06
17,118,192,3,5.446168257552928e-06
3,164,193,1,1.8153894191843091e-06
16,110,191,1,1.8153894191843091e-06
12,123,188,4,7.2615576767372366e-06
18,143,189,6,1.0892336515105856e-05
16,176,190,2,3.6307788383686183e-06
10,34,190,2,3.6307788383686183e-06
5,102,190,3,5.446168257552928e-06
10,158,184,1,1.8153894191843091e-06
14,78,197,1,1.8153894191843091e-06
8,44,184,1,1.8153894191843091e-06
4,64,185,1,1.8153894191843091e-06
17,155,189,1,1.8153894191843091e-06
17,133,191,1,1.8153894191843091e-06
3,164,191,1,1.8153894191843091e-06
6,68,186,1,1.8153894191843091e-06
WT,,,208896,0.37922758810992546
K340H,,,310464,0.5636130606376374
