OBD1 ID,OBD2 ID,OBD3 ID,Count,Frequency
16,176,190,1,9.19793966151582e-05
5,126,186,1,9.19793966151582e-05
17,140,188,2,0.0001839587932303164
WT,,,973,0.08949595290654894
K340H,,,9895,0.9101361295069904
