OBD1 ID,OBD2 ID,OBD3 ID,Count,Frequency
WT,,,40549,0.2430966055562883
K340H,,,126253,0.7569033944437117
