OBD1 ID,OBD2 ID,OBD3 ID,Count,Frequency
16,176,190,1,2.073183373069348e-05
5,126,186,1,2.073183373069348e-05
17,140,188,2,4.146366746138696e-05
WT,,,973,0.020172074219964756
K340H,,,9895,0.20514149476521198
