OBD1 ID,OBD2 ID,OBD3 ID,Count,Frequency
14,72,182,2,9.80363322647373e-06
WT,,,2143,0.010504593002166603
K340H,,,201861,0.9894856033646069
