OBD1 ID,OBD2 ID,OBD3 ID,Count,Frequency
11,27,191,5,0.00031030844659591636
10,33,192,2,0.00012412337863836653
7,126,198,1,6.206168931918326e-05
4,116,187,1,6.206168931918326e-05
6,178,197,1,6.206168931918326e-05
17,64,184,1,6.206168931918326e-05
16,100,198,1,6.206168931918326e-05
WT,,,9538,0.59194439272637
K340H,,,6563,0.4073108670017998
