OBD1 ID,OBD2 ID,OBD3 ID,Count,Frequency
11,27,191,5,7.933989209774674e-05
10,33,192,2,3.17359568390987e-05
7,126,198,1,1.586797841954935e-05
4,116,187,1,1.586797841954935e-05
6,178,197,1,1.586797841954935e-05
17,64,184,1,1.586797841954935e-05
16,100,198,1,1.586797841954935e-05
WT,,,56445,0.895668041891463
K340H,,,6563,0.10414154236750238
