OBD1 ID,OBD2 ID,OBD3 ID,Count,Frequency
10,89,193,1,5.936620638067986e-06
14,72,182,2,1.1873241276135972e-05
17,121,182,1,5.936620638067986e-06
WT,,,1729,0.010264417083219549
K340H,,,166713,0.9897118364342282
