OBD1 ID,OBD2 ID,OBD3 ID,Count,Frequency
14,72,182,2,8.056362310725838e-06
WT,,,2143,0.008632392215942735
K340H,,,201861,0.8131326762027142
