OBD1 ID,OBD2 ID,OBD3 ID,Count,Frequency
WT,,,878,0.00526372585460606
K340H,,,126253,0.7569033944437117
