OBD1 ID,OBD2 ID,OBD3 ID,Count,Frequency
WT,,,878,0.006906262044662592
K340H,,,126253,0.9930937379553374
