OBD1 ID,OBD2 ID,OBD3 ID,Count,Frequency
14,72,182,2,8.056362310725838e-06
WT,,,46388,0.18685926743497508
K340H,,,201861,0.8131326762027142
