OBD1 ID,OBD2 ID,OBD3 ID,Count,Frequency
10,89,193,1,4.300853289292596e-06
14,72,182,2,8.601706578585191e-06
17,121,182,1,4.300853289292596e-06
WT,,,65795,0.2829746421690063
K340H,,,166713,0.7170081544178365
