OBD1 ID,OBD2 ID,OBD3 ID,Count,Frequency
10,89,193,1,4.300834792033134e-06
14,72,182,2,8.601669584066268e-06
17,121,182,1,4.300834792033134e-06
WT,,,1729,0.007436143355425288
K340H,,,166713,0.7170050706842198
