OBD1 ID,OBD2 ID,OBD3 ID,Count,Frequency
14,72,182,10,2.097940242270139e-05
17,121,182,5,1.0489701211350695e-05
16,58,185,1,2.097940242270139e-06
5,69,181,1,2.097940242270139e-06
WT,,,464917,0.9753680836155063
K340H,,,102,0.0002139899047115542
