OBD1 ID,OBD2 ID,OBD3 ID,Count,Frequency
17,121,182,6,2.6793489182128743e-05
10,33,192,1,4.4655815303547905e-06
3,158,185,1,4.4655815303547905e-06
14,72,182,2,8.931163060709581e-06
WT,,,214676,0.958653180610445
K340H,,,88,0.00039297117467122154
