OBD1 ID,OBD2 ID,OBD3 ID,Count,Frequency
16,176,190,1,2.4770255876743207e-06
4,94,192,1,2.4770255876743207e-06
17,121,182,3,7.431076763022962e-06
14,123,181,1,2.4770255876743207e-06
14,72,182,1,2.4770255876743207e-06
WT,,,389232,0.9641376235416512
K340H,,,69,0.00017091476554952813
