OBD1 ID,OBD2 ID,OBD3 ID,Count,Frequency
17,118,192,2,8.580119006250617e-06
14,72,182,96,0.0004118457123000296
17,121,182,114,0.0004890667833562851
3,158,185,10,4.290059503125308e-05
7,72,183,2,8.580119006250617e-06
14,108,188,2,8.580119006250617e-06
16,58,185,4,1.7160238012501233e-05
16,121,190,4,1.7160238012501233e-05
3,99,195,1,4.290059503125308e-06
6,55,183,2,8.580119006250617e-06
11,125,188,1,4.290059503125308e-06
16,54,198,1,4.290059503125308e-06
18,57,185,1,4.290059503125308e-06
WT,,,215351,0.9238686040575382
K340H,,,1711,0.007340291809847402
