OBD1 ID,OBD2 ID,OBD3 ID,Count,Frequency
14,72,182,460,0.0016384683882457703
17,121,182,432,0.0015387355298308104
3,158,185,30,0.0001068566340160285
16,176,190,13,4.630454140694568e-05
2,164,184,11,3.9180765805877114e-05
16,102,181,8,2.8495102404274267e-05
12,153,198,5,1.7809439002671416e-05
14,112,187,5,1.7809439002671416e-05
17,111,187,5,1.7809439002671416e-05
3,171,189,4,1.4247551202137133e-05
16,62,194,1,3.5618878005342833e-06
WT,,,263904,0.9399964381121995
K340H,,,6190,0.022048085485307213
