OBD1 ID,OBD2 ID,OBD3 ID,Count,Frequency
17,121,182,131,0.00046838909904820474
14,72,182,122,0.0004362096952968014
5,126,186,3,1.072646791713446e-05
3,158,185,7,2.5028425139980405e-05
11,125,188,3,1.072646791713446e-05
15,121,184,2,7.150978611422973e-06
4,116,187,3,1.072646791713446e-05
12,62,191,3,1.072646791713446e-05
16,120,184,2,7.150978611422973e-06
17,148,197,1,3.5754893057114865e-06
16,85,182,1,3.5754893057114865e-06
16,83,188,1,3.5754893057114865e-06
WT,,,266405,0.9525282284880686
K340H,,,3779,0.013511774086283708
