ID,Count,Frequency
1,1,0.0016835016835016834
2,7,0.011784511784511785
3,56,0.09427609427609428
4,53,0.08922558922558922
5,16,0.026936026936026935
6,22,0.037037037037037035
7,24,0.04040404040404041
9,8,0.013468013468013467
10,19,0.03198653198653199
11,17,0.02861952861952862
12,12,0.020202020202020204
14,60,0.10101010101010101
15,7,0.011784511784511785
16,41,0.06902356902356903
17,79,0.132996632996633
18,19,0.03198653198653199
