ID,Count,Frequency
1,2,0.003367003367003367
3,6,0.010101010101010102
4,9,0.015151515151515152
5,2,0.003367003367003367
6,2,0.003367003367003367
7,3,0.005050505050505051
8,2,0.003367003367003367
10,4,0.006734006734006734
11,7,0.011784511784511785
14,29,0.04882154882154882
15,4,0.006734006734006734
16,14,0.02356902356902357
17,62,0.10437710437710437
18,4,0.006734006734006734
