ID,Count,Frequency
1,4,0.006734006734006734
2,2,0.003367003367003367
3,38,0.06397306397306397
4,37,0.06228956228956229
5,23,0.03872053872053872
6,26,0.04377104377104377
7,13,0.021885521885521887
8,4,0.006734006734006734
9,4,0.006734006734006734
10,23,0.03872053872053872
11,13,0.021885521885521887
12,13,0.021885521885521887
14,29,0.04882154882154882
15,2,0.003367003367003367
16,30,0.050505050505050504
17,63,0.10606060606060606
18,6,0.010101010101010102
