ID,Count,Frequency
1,7,0.011784511784511785
3,47,0.07912457912457913
4,51,0.08585858585858586
5,11,0.018518518518518517
6,16,0.026936026936026935
7,6,0.010101010101010102
8,1,0.0016835016835016834
9,11,0.018518518518518517
10,18,0.030303030303030304
11,10,0.016835016835016835
12,7,0.011784511784511785
13,1,0.0016835016835016834
14,45,0.07575757575757576
16,31,0.05218855218855219
17,90,0.15151515151515152
18,7,0.011784511784511785
