ID,Count,Frequency
3,13,0.021885521885521887
4,4,0.006734006734006734
5,9,0.015151515151515152
6,4,0.006734006734006734
7,1,0.0016835016835016834
10,9,0.015151515151515152
14,4,0.006734006734006734
16,1,0.0016835016835016834
17,153,0.25757575757575757
18,18,0.030303030303030304
