ID,Count,Frequency
3,13,0.021885521885521887
4,7,0.011784511784511785
7,1,0.0016835016835016834
10,3,0.005050505050505051
11,2,0.003367003367003367
12,1,0.0016835016835016834
14,6,0.010101010101010102
16,2,0.003367003367003367
17,141,0.23737373737373738
18,12,0.020202020202020204
