ID,Count,Frequency
2,2,0.003367003367003367
3,14,0.02356902356902357
4,8,0.013468013468013467
5,5,0.008417508417508417
6,1,0.0016835016835016834
7,3,0.005050505050505051
8,1,0.0016835016835016834
10,6,0.010101010101010102
11,2,0.003367003367003367
12,4,0.006734006734006734
14,3,0.005050505050505051
16,4,0.006734006734006734
17,242,0.4074074074074074
18,7,0.011784511784511785
