ID,Count,Frequency
182,3,0.005050505050505051
184,4,0.006734006734006734
185,1,0.0016835016835016834
186,13,0.021885521885521887
188,4,0.006734006734006734
189,7,0.011784511784511785
190,8,0.013468013468013467
191,4,0.006734006734006734
192,9,0.015151515151515152
193,2,0.003367003367003367
195,1,0.0016835016835016834
196,2,0.003367003367003367
197,5,0.008417508417508417
198,1,0.0016835016835016834
