ID,Count,Frequency
1,6,0.013921113689095127
2,8,0.018561484918793503
3,48,0.11136890951276102
4,41,0.0951276102088167
5,34,0.07888631090487239
6,22,0.05104408352668213
7,18,0.04176334106728538
8,6,0.013921113689095127
9,14,0.03248259860788863
10,37,0.08584686774941995
11,30,0.06960556844547564
12,27,0.06264501160092807
13,2,0.004640371229698376
14,44,0.10208816705336426
16,50,0.11600928074245939
17,29,0.06728538283062645
18,15,0.03480278422273782
