ID,Count,Frequency
5,1,0.0016835016835016834
16,1,0.0016835016835016834
17,2,0.003367003367003367
