ID,Count,Frequency
27,5,0.008417508417508417
33,2,0.003367003367003367
64,1,0.0016835016835016834
100,1,0.0016835016835016834
116,1,0.0016835016835016834
126,1,0.0016835016835016834
178,1,0.0016835016835016834
