ID,Count,Frequency
10,1,0.0016835016835016834
14,3,0.005050505050505051
17,1,0.0016835016835016834
