ID,Count,Frequency
186,1,0.0016835016835016834
188,2,0.003367003367003367
190,1,0.0016835016835016834
