ID,Count,Frequency
27,5,0.4166666666666667
33,2,0.16666666666666666
64,1,0.08333333333333333
100,1,0.08333333333333333
116,1,0.08333333333333333
126,1,0.08333333333333333
178,1,0.08333333333333333
