ID,Count,Frequency
184,1,0.08333333333333333
187,1,0.08333333333333333
191,5,0.4166666666666667
192,2,0.16666666666666666
197,1,0.08333333333333333
198,2,0.16666666666666666
