ID,Count,Frequency
184,1,0.0016835016835016834
187,1,0.0016835016835016834
191,5,0.008417508417508417
192,2,0.003367003367003367
197,1,0.0016835016835016834
198,2,0.003367003367003367
