ID,Count,Frequency
72,2,0.003367003367003367
89,1,0.0016835016835016834
121,1,0.0016835016835016834
