ID,Count,Frequency
182,4,0.006734006734006734
193,1,0.0016835016835016834
