ID,Count,Frequency
126,1,0.0016835016835016834
140,2,0.003367003367003367
176,1,0.0016835016835016834
