ID,Count,Frequency
4,1,0.08333333333333333
6,1,0.08333333333333333
7,1,0.08333333333333333
10,2,0.16666666666666666
11,5,0.4166666666666667
16,1,0.08333333333333333
17,1,0.08333333333333333
