ID,Count,Frequency
4,1,0.0016835016835016834
6,1,0.0016835016835016834
7,1,0.0016835016835016834
10,2,0.003367003367003367
11,5,0.008417508417508417
16,1,0.0016835016835016834
17,1,0.0016835016835016834
