ID,Count,Frequency
5,1,0.0016835016835016834
14,10,0.016835016835016835
16,1,0.0016835016835016834
17,5,0.008417508417508417
