ID,Count,Frequency
58,1,0.0016835016835016834
69,1,0.0016835016835016834
72,10,0.016835016835016835
121,5,0.008417508417508417
