ID,Count,Frequency
181,1,0.0016835016835016834
182,15,0.025252525252525252
185,1,0.0016835016835016834
