ID,Count,Frequency
182,8,0.013468013468013467
185,1,0.0016835016835016834
192,1,0.0016835016835016834
