ID,Count,Frequency
3,1,0.0016835016835016834
10,1,0.0016835016835016834
14,2,0.003367003367003367
17,6,0.010101010101010102
