ID,Count,Frequency
33,1,0.0016835016835016834
72,2,0.003367003367003367
121,6,0.010101010101010102
158,1,0.0016835016835016834
