ID,Count,Frequency
4,1,0.0016835016835016834
14,2,0.003367003367003367
16,1,0.0016835016835016834
17,3,0.005050505050505051
