ID,Count,Frequency
181,1,0.0016835016835016834
182,4,0.006734006734006734
190,1,0.0016835016835016834
192,1,0.0016835016835016834
