ID,Count,Frequency
72,1,0.0016835016835016834
94,1,0.0016835016835016834
121,3,0.005050505050505051
123,1,0.0016835016835016834
165,1,0.0016835016835016834
176,1,0.0016835016835016834
