ID,Count,Frequency
3,11,0.018518518518518517
4,2,0.003367003367003367
5,1,0.0016835016835016834
6,2,0.003367003367003367
7,2,0.003367003367003367
11,1,0.0016835016835016834
14,100,0.16835016835016836
16,9,0.015151515151515152
17,117,0.19696969696969696
18,1,0.0016835016835016834
