ID,Count,Frequency
54,1,0.0016835016835016834
55,2,0.003367003367003367
57,1,0.0016835016835016834
58,4,0.006734006734006734
72,99,0.16666666666666666
99,1,0.0016835016835016834
108,2,0.003367003367003367
118,2,0.003367003367003367
121,119,0.20033670033670034
125,1,0.0016835016835016834
158,10,0.016835016835016835
178,1,0.0016835016835016834
