ID,Count,Frequency
2,11,0.018518518518518517
3,34,0.05723905723905724
12,5,0.008417508417508417
14,477,0.803030303030303
16,32,0.05387205387205387
17,447,0.7525252525252525
