ID,Count,Frequency
42,10,0.016835016835016835
62,1,0.0016835016835016834
72,465,0.7828282828282829
102,8,0.013468013468013467
111,5,0.008417508417508417
112,5,0.008417508417508417
121,439,0.7390572390572391
153,5,0.008417508417508417
158,30,0.050505050505050504
164,12,0.020202020202020204
171,5,0.008417508417508417
176,13,0.021885521885521887
177,7,0.011784511784511785
