ID,Count,Frequency
3,7,0.011784511784511785
4,9,0.015151515151515152
5,5,0.008417508417508417
11,3,0.005050505050505051
12,3,0.005050505050505051
14,123,0.20707070707070707
15,2,0.003367003367003367
16,4,0.006734006734006734
17,133,0.2239057239057239
