Barcode,Count,Frequency
CACTGTCACACACTGACACT,4,0.006734006734006734
CTCTCACACAGTGAGTCTGA,3,0.005050505050505051
ACACTGTCTCTGTCAGACAG,2,0.003367003367003367
CACTCTGTGTGAGACAGTGT,10,0.016835016835016835
AGTCAGAGTCACACTCAGAG,21,0.03535353535353535
AGACAGTGAGTGTGTGTCTG,12,0.020202020202020204
TGTGTCACTCAGTGTGACTC,70,0.11784511784511785
CAGTCAGTGTCTCTCACTCT,17,0.02861952861952862
AGTCTGACTGACAGTGACTG,118,0.19865319865319866
GAGTGTCACACAGAGTGTCT,9,0.015151515151515152
GTGTGACACTGTCAGTCACT,11,0.018518518518518517
CTGTCACACAGTGAGTGTCT,23,0.03872053872053872
GTCAGAGTCAGTGAGAGTGT,6,0.010101010101010102
CAGACTGTCTCTCAGAGTCT,13,0.021885521885521887
ACTGTCAGTCACAGTGTGTG,29,0.04882154882154882
ACTCAGTGAGAGTGTCTGTG,28,0.04713804713804714
GTGACTCTCTCTCAGTGAGT,4,0.006734006734006734
TGAGACTGACTGACTGAGTC,2,0.003367003367003367
GAGACTCTCTGTGAGTCTCT,4,0.006734006734006734
GTCTCACAGTCACTCACTCT,3,0.005050505050505051
AGTGACACTCTCTGACAGAC,2,0.003367003367003367
TCAGTGAGAGAGTGTCAGAC,15,0.025252525252525252
AGTGTCTGTCTGAGTGACTG,46,0.07744107744107744
GTCAGTCTCAGAGTCAGTGT,1,0.0016835016835016834
GACACTCTCTGACTCAGACT,36,0.06060606060606061
TCTGTGACTCTGAGACACAG,10,0.016835016835016835
TGACACAGTGTGTCAGTCAG,2,0.003367003367003367
TGAGTGTCAGTCTCAGTCAG,25,0.04208754208754209
ACTCTCAGTGAGAGACAGAC,3,0.005050505050505051
GTCAGAGTGAGAGTGTGAGT,14,0.02356902356902357
TGTGTGTCAGAGAGAGTGAG,3,0.005050505050505051
AGACTGACAGAGTCTGTCTG,2,0.003367003367003367
GTGAGTCAGTCAGAGAGACA,33,0.05555555555555555
AGACAGACACTGAGTCTCAC,50,0.08417508417508418
CACTCAGTGACTCTGACTCA,5,0.008417508417508417
TGTGACTGTCAGTGTGTGAC,27,0.045454545454545456
GACTCTGAGTGAGTGTCTGA,23,0.03872053872053872
ACACTCTCTGTGTCTGTGTG,59,0.09932659932659933
CACTGACTCTCAGAGAGAGT,18,0.030303030303030304
TGACAGTCTCTGAGACACTG,31,0.05218855218855219
GTGAGAGTGTGACAGTGTGA,26,0.04377104377104377
CACACACTCACTCACACACA,7,0.011784511784511785
