Barcode,Count,Frequency
GTCTGTGTCTGACTCTCAGT,3,0.005050505050505051
TGACTGTGTGTCACTGTGTC,1,0.0016835016835016834
GACAGAGTCTGAGTGTCACA,3,0.005050505050505051
GTGTCACACTCAGACTCTCA,55,0.09259259259259259
AGTGTCTCAGAGTGTGTCTG,6,0.010101010101010102
GTGAGTCACAGACAGAGTGA,5,0.008417508417508417
GACAGTCTGTGTGAGAGTGA,9,0.015151515151515152
AGTGAGTCACACTCTGACTC,13,0.021885521885521887
AGAGACTCTGTCTGTGTGTG,8,0.013468013468013467
TGAGAGTCACTGTGAGAGTG,3,0.005050505050505051
CTGTCACAGTCACAGTGACA,13,0.021885521885521887
ACTGAGACAGAGAGTCAGTG,71,0.11952861952861953
CAGAGACTGTGTGAGTCTGA,11,0.018518518518518517
TCTCTCTCTGACAGTCTGTG,5,0.008417508417508417
GACTGTGAGACAGTCTCTCA,1,0.0016835016835016834
TCAGAGACACTCTGTCTCTC,2,0.003367003367003367
CAGTCTGTCAGACTGAGAGT,5,0.008417508417508417
TCAGAGAGAGTCTCTGACAG,32,0.05387205387205387
AGACTGACTGAGTGTCACTC,24,0.04040404040404041
AGACACACTCACAGAGTCTG,17,0.02861952861952862
CAGTCACTGACTGTCTGTCT,2,0.003367003367003367
CTGACTGTCAGTGTCAGACA,42,0.0707070707070707
GTCACAGTCTCTCAGTGACA,20,0.03367003367003367
AGACAGTCTCAGTGTGTGTC,9,0.015151515151515152
ACAGTGAGAGTCACTGAGTG,3,0.005050505050505051
GAGTCTGAGACAGAGTGTGA,21,0.03535353535353535
CACTGTGAGAGAGTGAGAGT,14,0.02356902356902357
ACTGTCAGTCTGTCTGAGTG,77,0.12962962962962962
ACAGACTGTCAGTCAGAGTC,8,0.013468013468013467
AGACTCTGAGACTGTCACTG,5,0.008417508417508417
CACTCAGTGACTCTGTCTGA,61,0.1026936026936027
GTGTGAGTCAGACAGTGTCT,3,0.005050505050505051
CAGACAGTCTCAGACTCACT,38,0.06397306397306397
ACTCTCTGAGAGAGAGACTG,4,0.006734006734006734
GTCAGTCACAGAGTGTGTCT,5,0.008417508417508417
GACTCACACTCAGTGTCTCT,30,0.050505050505050504
CACAGACACTCACTGTCAGT,21,0.03535353535353535
CTGTGTGTCTCTGTGTGTGT,69,0.11616161616161616
TGTCACACACACTGTCTGAC,1,0.0016835016835016834
GAGACAGTGACAGAGTGTCA,65,0.10942760942760943
TCAGAGTCACTCTGTCTGTG,19,0.03198653198653199
GACTCTGTCTGTGTGTCTGA,5,0.008417508417508417
