Barcode,Count,Frequency
TGACTGTGTGTCACTGTGTC,2,0.003367003367003367
GAGACAGAGAGAGAGTCTGT,1,0.0016835016835016834
GACAGAGTCTGAGTGTCACA,2,0.003367003367003367
GTGTCACACTCAGACTCTCA,87,0.14646464646464646
AGTGTCTCAGAGTGTGTCTG,1,0.0016835016835016834
GTGAGTCACAGACAGAGTGA,3,0.005050505050505051
GACAGTCTGTGTGAGAGTGA,14,0.02356902356902357
AGTGAGTCACACTCTGACTC,6,0.010101010101010102
AGAGACTCTGTCTGTGTGTG,2,0.003367003367003367
GTCTCACTCACTCTCTCACA,1,0.0016835016835016834
TGAGAGTCACTGTGAGAGTG,10,0.016835016835016835
CTGTCACAGTCACAGTGACA,1,0.0016835016835016834
TGACAGAGAGTCAGTGTCTG,1,0.0016835016835016834
ACTGAGACAGAGAGTCAGTG,46,0.07744107744107744
CAGAGACTGTGTGAGTCTGA,6,0.010101010101010102
GAGACTGTGTGTGAGAGACT,1,0.0016835016835016834
TCAGAGAGAGTCTCTGACAG,11,0.018518518518518517
AGACTGACTGAGTGTCACTC,6,0.010101010101010102
AGACACACTCACAGAGTCTG,6,0.010101010101010102
CAGTCACTGACTGTCTGTCT,2,0.003367003367003367
CTGACTGTCAGTGTCAGACA,9,0.015151515151515152
GTCACAGTCTCTCAGTGACA,9,0.015151515151515152
AGACAGTCTCAGTGTGTGTC,1,0.0016835016835016834
GAGTCTGAGACAGAGTGTGA,10,0.016835016835016835
CACTGTGAGAGAGTGAGAGT,8,0.013468013468013467
ACTGTCAGTCTGTCTGAGTG,22,0.037037037037037035
ACAGACTGTCAGTCAGAGTC,4,0.006734006734006734
AGACTCTGAGACTGTCACTG,3,0.005050505050505051
TGAGTGTCAGAGACAGACAC,2,0.003367003367003367
CACTCAGTGACTCTGTCTGA,28,0.04713804713804714
GTGTGAGTCAGACAGTGTCT,1,0.0016835016835016834
CAGACAGTCTCAGACTCACT,9,0.015151515151515152
ACTCTCTGAGAGAGAGACTG,7,0.011784511784511785
GTCAGTCACAGAGTGTGTCT,2,0.003367003367003367
GACTCACACTCAGTGTCTCT,16,0.026936026936026935
CACAGACACTCACTGTCAGT,5,0.008417508417508417
CTGTGTGTCTCTGTGTGTGT,38,0.06397306397306397
TGTCACACACACTGTCTGAC,1,0.0016835016835016834
GAGACAGTGACAGAGTGTCA,19,0.03198653198653199
TCAGAGTCACTCTGTCTGTG,7,0.011784511784511785
GACTCTGTCTGTGTGTCTGA,8,0.013468013468013467
