Barcode,Count,Frequency
CACTGTCACACACTGACACT,1,0.0016835016835016834
CACTCTGTGTGAGACAGTGT,7,0.011784511784511785
AGTCAGAGTCACACTCAGAG,27,0.045454545454545456
AGACAGTGAGTGTGTGTCTG,4,0.006734006734006734
TGTGTCACTCAGTGTGACTC,25,0.04208754208754209
CAGTCAGTGTCTCTCACTCT,1,0.0016835016835016834
AGTCTGACTGACAGTGACTG,52,0.08754208754208755
GAGTGTCACACAGAGTGTCT,5,0.008417508417508417
GTGTGACACTGTCAGTCACT,3,0.005050505050505051
CTGTCACACAGTGAGTGTCT,8,0.013468013468013467
GTCAGAGTCAGTGAGAGTGT,10,0.016835016835016835
CAGACTGTCTCTCAGAGTCT,7,0.011784511784511785
ACTGTCAGTCACAGTGTGTG,5,0.008417508417508417
ACTCAGTGAGAGTGTCTGTG,23,0.03872053872053872
GTGACTCTCTCTCAGTGAGT,1,0.0016835016835016834
AGTGACACTCTCTGACAGAC,3,0.005050505050505051
TCAGTGAGAGAGTGTCAGAC,5,0.008417508417508417
AGTGTCTGTCTGAGTGACTG,11,0.018518518518518517
GACACTCTCTGACTCAGACT,8,0.013468013468013467
TCTGTGACTCTGAGACACAG,10,0.016835016835016835
TGAGTGTCAGTCTCAGTCAG,7,0.011784511784511785
ACTCTCAGTGAGAGACAGAC,2,0.003367003367003367
GTCAGAGTGAGAGTGTGAGT,7,0.011784511784511785
TGTGTGTCAGAGAGAGTGAG,3,0.005050505050505051
GTGAGTCAGTCAGAGAGACA,37,0.06228956228956229
CTGACAGAGACTGTCTGACA,2,0.003367003367003367
AGACAGACACTGAGTCTCAC,21,0.03535353535353535
TGTGACTCTGTGTGAGTCAC,2,0.003367003367003367
CACTCAGTGACTCTGACTCA,5,0.008417508417508417
TGTGACTGTCAGTGTGTGAC,2,0.003367003367003367
GACTCTGAGTGAGTGTCTGA,23,0.03872053872053872
ACACTCTCTGTGTCTGTGTG,16,0.026936026936026935
CACTGACTCTCAGAGAGAGT,2,0.003367003367003367
TGACAGTCTCTGAGACACTG,77,0.12962962962962962
GTGAGAGTGTGACAGTGTGA,13,0.021885521885521887
GTCACAGACTGAGTGTCTGT,3,0.005050505050505051
CACACACTCACTCACACACA,3,0.005050505050505051
