Barcode,Count,Frequency
GTCTGTGTCTGACTCTCAGT,15646,26.34006734006734
TGACTGTGTGTCACTGTGTC,6875,11.574074074074074
GAGACAGAGAGAGAGTCTGT,6179,10.402356902356903
GACTGAGAGAGACACTCTGA,27,0.045454545454545456
GACAGAGTCTGAGTGTCACA,167,0.28114478114478114
GTGTCACACTCAGACTCTCA,12206,20.54882154882155
AGTGTCTCAGAGTGTGTCTG,249,0.41919191919191917
GTGAGTCACAGACAGAGTGA,6956,11.710437710437711
GACAGTCTGTGTGAGAGTGA,18871,31.76936026936027
AGTGAGTCACACTCTGACTC,6107,10.281144781144782
AGAGACTCTGTCTGTGTGTG,19348,32.572390572390574
GTCTCACTCACTCTCTCACA,89,0.14983164983164984
TGAGAGTCACTGTGAGAGTG,85856,144.53872053872053
CTGTCACAGTCACAGTGACA,4127,6.947811447811448
TGACAGAGAGTCAGTGTCTG,15777,26.560606060606062
ACTGAGACAGAGAGTCAGTG,73431,123.62121212121212
CAGAGACTGTGTGAGTCTGA,5709,9.61111111111111
GAGACTGTGTGTGAGAGACT,24,0.04040404040404041
TCTCTCTCTGACAGTCTGTG,18316,30.835016835016834
GACTGTGAGACAGTCTCTCA,22209,37.388888888888886
TCAGAGACACTCTGTCTCTC,71,0.11952861952861953
CAGTCTGTCAGACTGAGAGT,5347,9.001683501683502
TCAGAGAGAGTCTCTGACAG,54387,91.56060606060606
AGACTGACTGAGTGTCACTC,19634,33.053872053872055
AGACACACTCACAGAGTCTG,13918,23.430976430976433
CAGTCACTGACTGTCTGTCT,11104,18.693602693602692
CTGACTGTCAGTGTCAGACA,34401,57.91414141414141
GTCACAGTCTCTCAGTGACA,35996,60.5993265993266
AGACAGTCTCAGTGTGTGTC,14038,23.632996632996633
ACAGTGAGAGTCACTGAGTG,260,0.4377104377104377
GAGTCTGAGACAGAGTGTGA,18102,30.474747474747474
CACTGTGAGAGAGTGAGAGT,21982,37.00673400673401
ACTGTCAGTCTGTCTGAGTG,82611,139.07575757575756
ACAGACTGTCAGTCAGAGTC,39650,66.75084175084174
AGACTCTGAGACTGTCACTG,40242,67.74747474747475
TGAGTGTCAGAGACAGACAC,3141,5.287878787878788
CACTCAGTGACTCTGTCTGA,46762,78.72390572390573
GTGTGAGTCAGACAGTGTCT,9727,16.375420875420875
CAGACAGTCTCAGACTCACT,38165,64.25084175084174
ACTCTCTGAGAGAGAGACTG,8926,15.026936026936028
CTCACACTGTCAGACAGTCA,44,0.07407407407407407
GTCAGTCACAGAGTGTGTCT,52,0.08754208754208755
AGAGTCAGTGACAGAGAGAG,129,0.21717171717171718
GACTCACACTCAGTGTCTCT,72005,121.22053872053873
GAGAGTGACTGTGTCACAGA,10,0.016835016835016835
CACAGACACTCACTGTCAGT,21069,35.46969696969697
TGAGTCACAGAGAGTCACTC,27,0.045454545454545456
CTGTGTGTCTCTGTGTGTGT,86424,145.4949494949495
TGTCACACACACTGTCTGAC,18183,30.61111111111111
GAGACAGTGACAGAGTGTCA,70782,119.16161616161617
TGAGTCTCTCTCAGTGACAC,13391,22.543771043771045
TCAGAGTCACTCTGTCTGTG,46766,78.73063973063974
GACTCTGTCTGTGTGTCTGA,12767,21.493265993265993
