Barcode,Count,Frequency
CACTGTCACACACTGACACT,15843,26.671717171717173
CTGTGAGTGTGAGAGACACT,2893,4.87037037037037
CTCTCACACAGTGAGTCTGA,48,0.08080808080808081
CAGAGACAGAGTCTGTCACT,28,0.04713804713804714
ACACTGTCTCTGTCAGACAG,41,0.06902356902356903
CACTCTGTGTGAGACAGTGT,22092,37.19191919191919
AGTCAGAGTCACACTCAGAG,23473,39.51683501683502
AGACAGTGAGTGTGTGTCTG,2391,4.025252525252525
TGTGTCACTCAGTGTGACTC,54373,91.53703703703704
CTCTCACACTGTGTCACACA,16,0.026936026936026935
CAGTCAGTGTCTCTCACTCT,26148,44.02020202020202
AGTCTGACTGACAGTGACTG,77337,130.1969696969697
GAGTGTCACACAGAGTGTCT,425,0.7154882154882155
GTGTGACACTGTCAGTCACT,18276,30.767676767676768
CTGTCACACAGTGAGTGTCT,31291,52.678451178451176
GTCAGAGTCAGTGAGAGTGT,211,0.3552188552188552
CAGACTGTCTCTCAGAGTCT,45627,76.81313131313131
ACTGTCAGTCACAGTGTGTG,38182,64.27946127946127
ACTCAGTGAGAGTGTCTGTG,271,0.4562289562289562
GTGACTCTCTCTCAGTGAGT,25668,43.21212121212121
TGAGACTGACTGACTGAGTC,360,0.6060606060606061
GAGACTCTCTGTGAGTCTCT,62,0.10437710437710437
CACACACTCTGACAGTCTCT,6881,11.584175084175085
GTCTCACAGTCACTCACTCT,4554,7.666666666666667
AGTGACACTCTCTGACAGAC,32,0.05387205387205387
CTGTCAGTGACTGTCTCAGA,14641,24.64814814814815
TCAGTGAGAGAGTGTCAGAC,6857,11.543771043771043
AGTGTCTGTCTGAGTGACTG,90418,152.21885521885523
GTCAGTCTCAGAGTCAGTGT,15431,25.978114478114477
GACACTCTCTGACTCAGACT,18195,30.63131313131313
TCTGTGACTCTGAGACACAG,24550,41.32996632996633
TGACACAGTGTGTCAGTCAG,65,0.10942760942760943
TGAGTGTCAGTCTCAGTCAG,7775,13.08922558922559
ACTCTCAGTGAGAGACAGAC,12384,20.848484848484848
GTCAGAGTGAGAGTGTGAGT,33712,56.754208754208754
TGTGTGTCAGAGAGAGTGAG,10475,17.634680134680135
TGACTGACACTCACTCACAC,1,0.0016835016835016834
AGACTGACAGAGTCTGTCTG,13578,22.858585858585858
GTGAGTCAGTCAGAGAGACA,26970,45.4040404040404
CTGACAGAGACTGTCTGACA,73,0.12289562289562289
AGACAGACACTGAGTCTCAC,88752,149.41414141414143
TGTGACTCTGTGTGAGTCAC,4168,7.016835016835016
CACTCAGTGACTCTGACTCA,24957,42.015151515151516
GACACAGTCACTGTGTCTCT,2,0.003367003367003367
TGTGACTGTCAGTGTGTGAC,45717,76.96464646464646
GACTCTGAGTGAGTGTCTGA,86311,145.3047138047138
ACACTCTCTGTGTCTGTGTG,40524,68.22222222222223
CACTGACTCTCAGAGAGAGT,36795,61.94444444444444
TGACAGTCTCTGAGACACTG,62713,105.57744107744108
GTCTCTGACAGACAGTCTCT,20144,33.91245791245791
GTGAGAGTGTGACAGTGTGA,21566,36.30639730639731
GTCACAGACTGAGTGTCTGT,17627,29.675084175084177
CACACACTCACTCACACACA,9219,15.52020202020202
