Barcode,Count,Frequency
GTCTGTGTCTGACTCTCAGT,4,0.006734006734006734
TGACTGTGTGTCACTGTGTC,7,0.011784511784511785
GAGACAGAGAGAGAGTCTGT,10,0.016835016835016835
GACAGAGTCTGAGTGTCACA,10,0.016835016835016835
GTGTCACACTCAGACTCTCA,112,0.18855218855218855
AGTGTCTCAGAGTGTGTCTG,27,0.045454545454545456
GTGAGTCACAGACAGAGTGA,23,0.03872053872053872
GACAGTCTGTGTGAGAGTGA,59,0.09932659932659933
AGTGAGTCACACTCTGACTC,38,0.06397306397306397
AGAGACTCTGTCTGTGTGTG,8,0.013468013468013467
GTCTCACTCACTCTCTCACA,21,0.03535353535353535
TGAGAGTCACTGTGAGAGTG,25,0.04208754208754209
CTGTCACAGTCACAGTGACA,8,0.013468013468013467
TGACAGAGAGTCAGTGTCTG,2,0.003367003367003367
ACTGAGACAGAGAGTCAGTG,266,0.4478114478114478
CAGAGACTGTGTGAGTCTGA,38,0.06397306397306397
TCTCTCTCTGACAGTCTGTG,12,0.020202020202020204
TCAGAGACACTCTGTCTCTC,3,0.005050505050505051
CAGTCTGTCAGACTGAGAGT,2,0.003367003367003367
TCAGAGAGAGTCTCTGACAG,86,0.1447811447811448
AGACTGACTGAGTGTCACTC,48,0.08080808080808081
AGACACACTCACAGAGTCTG,68,0.11447811447811448
CTGACTGTCAGTGTCAGACA,101,0.17003367003367004
GTCACAGTCTCTCAGTGACA,88,0.14814814814814814
AGACAGTCTCAGTGTGTGTC,15,0.025252525252525252
ACAGTGAGAGTCACTGAGTG,21,0.03535353535353535
GAGTCTGAGACAGAGTGTGA,52,0.08754208754208755
CACTGTGAGAGAGTGAGAGT,41,0.06902356902356903
ACTGTCAGTCTGTCTGAGTG,244,0.4107744107744108
ACAGACTGTCAGTCAGAGTC,41,0.06902356902356903
AGACTCTGAGACTGTCACTG,22,0.037037037037037035
CACTCAGTGACTCTGTCTGA,208,0.3501683501683502
GTGTGAGTCAGACAGTGTCT,22,0.037037037037037035
CAGACAGTCTCAGACTCACT,61,0.1026936026936027
ACTCTCTGAGAGAGAGACTG,30,0.050505050505050504
GTCAGTCACAGAGTGTGTCT,6,0.010101010101010102
GACTCACACTCAGTGTCTCT,90,0.15151515151515152
CACAGACACTCACTGTCAGT,50,0.08417508417508418
CTGTGTGTCTCTGTGTGTGT,198,0.3333333333333333
TGTCACACACACTGTCTGAC,12,0.020202020202020204
GAGACAGTGACAGAGTGTCA,154,0.25925925925925924
TGAGTCTCTCTCAGTGACAC,2,0.003367003367003367
TCAGAGTCACTCTGTCTGTG,113,0.19023569023569023
GACTCTGTCTGTGTGTCTGA,24,0.04040404040404041
