Barcode,Count,Frequency
CACTGTCACACACTGACACT,24,0.04040404040404041
CTGTGAGTGTGAGAGACACT,2,0.003367003367003367
CTCTCACACAGTGAGTCTGA,8,0.013468013468013467
ACACTGTCTCTGTCAGACAG,2,0.003367003367003367
CACTCTGTGTGAGACAGTGT,22,0.037037037037037035
AGTCAGAGTCACACTCAGAG,67,0.1127946127946128
AGACAGTGAGTGTGTGTCTG,30,0.050505050505050504
TGTGTCACTCAGTGTGACTC,224,0.3771043771043771
CAGTCAGTGTCTCTCACTCT,17,0.02861952861952862
AGTCTGACTGACAGTGACTG,353,0.5942760942760943
GAGTGTCACACAGAGTGTCT,46,0.07744107744107744
GTGTGACACTGTCAGTCACT,48,0.08080808080808081
CTGTCACACAGTGAGTGTCT,98,0.16498316498316498
GTCAGAGTCAGTGAGAGTGT,23,0.03872053872053872
CAGACTGTCTCTCAGAGTCT,43,0.0723905723905724
ACTGTCAGTCACAGTGTGTG,51,0.08585858585858586
ACTCAGTGAGAGTGTCTGTG,84,0.1414141414141414
GTGACTCTCTCTCAGTGAGT,17,0.02861952861952862
TGAGACTGACTGACTGAGTC,4,0.006734006734006734
GAGACTCTCTGTGAGTCTCT,6,0.010101010101010102
CACACACTCTGACAGTCTCT,1,0.0016835016835016834
GTCTCACAGTCACTCACTCT,4,0.006734006734006734
AGTGACACTCTCTGACAGAC,4,0.006734006734006734
CTGTCAGTGACTGTCTCAGA,3,0.005050505050505051
TCAGTGAGAGAGTGTCAGAC,58,0.09764309764309764
AGTGTCTGTCTGAGTGACTG,137,0.23063973063973064
GTCAGTCTCAGAGTCAGTGT,16,0.026936026936026935
GACACTCTCTGACTCAGACT,103,0.1734006734006734
TCTGTGACTCTGAGACACAG,51,0.08585858585858586
TGAGTGTCAGTCTCAGTCAG,37,0.06228956228956229
ACTCTCAGTGAGAGACAGAC,23,0.03872053872053872
GTCAGAGTGAGAGTGTGAGT,55,0.09259259259259259
TGTGTGTCAGAGAGAGTGAG,4,0.006734006734006734
AGACTGACAGAGTCTGTCTG,5,0.008417508417508417
GTGAGTCAGTCAGAGAGACA,60,0.10101010101010101
CTGACAGAGACTGTCTGACA,9,0.015151515151515152
AGACAGACACTGAGTCTCAC,154,0.25925925925925924
TGTGACTCTGTGTGAGTCAC,8,0.013468013468013467
CACTCAGTGACTCTGACTCA,16,0.026936026936026935
TGTGACTGTCAGTGTGTGAC,50,0.08417508417508418
GACTCTGAGTGAGTGTCTGA,108,0.18181818181818182
ACACTCTCTGTGTCTGTGTG,129,0.21717171717171718
CACTGACTCTCAGAGAGAGT,48,0.08080808080808081
TGACAGTCTCTGAGACACTG,194,0.3265993265993266
GTGAGAGTGTGACAGTGTGA,65,0.10942760942760943
GTCACAGACTGAGTGTCTGT,7,0.011784511784511785
CACACACTCACTCACACACA,15,0.025252525252525252
