Barcode,Count,Frequency
TGACTGTGTGTCACTGTGTC,2,0.003367003367003367
GTGTCACACTCAGACTCTCA,74,0.12457912457912458
AGTGAGTCACACTCTGACTC,3,0.005050505050505051
GTCTCACTCACTCTCTCACA,1,0.0016835016835016834
TGAGAGTCACTGTGAGAGTG,1,0.0016835016835016834
ACTGAGACAGAGAGTCAGTG,5,0.008417508417508417
CAGAGACTGTGTGAGTCTGA,2,0.003367003367003367
TCAGAGAGAGTCTCTGACAG,3,0.005050505050505051
AGACACACTCACAGAGTCTG,4,0.006734006734006734
CTGACTGTCAGTGTCAGACA,8,0.013468013468013467
GTCACAGTCTCTCAGTGACA,7,0.011784511784511785
AGACAGTCTCAGTGTGTGTC,1,0.0016835016835016834
ACTGTCAGTCTGTCTGAGTG,7,0.011784511784511785
AGACTCTGAGACTGTCACTG,2,0.003367003367003367
TGAGTGTCAGAGACAGACAC,3,0.005050505050505051
CACTCAGTGACTCTGTCTGA,3,0.005050505050505051
CAGACAGTCTCAGACTCACT,1,0.0016835016835016834
CACAGACACTCACTGTCAGT,4,0.006734006734006734
CTGTGTGTCTCTGTGTGTGT,7,0.011784511784511785
TGTCACACACACTGTCTGAC,1,0.0016835016835016834
GAGACAGTGACAGAGTGTCA,2,0.003367003367003367
TGAGTCTCTCTCAGTGACAC,1,0.0016835016835016834
TCAGAGTCACTCTGTCTGTG,1,0.0016835016835016834
