Barcode,Count,Frequency
CTCTCACACAGTGAGTCTGA,2,0.003367003367003367
AGTCAGAGTCACACTCAGAG,2,0.003367003367003367
TGTGTCACTCAGTGTGACTC,4,0.006734006734006734
CAGTCAGTGTCTCTCACTCT,3,0.005050505050505051
AGTCTGACTGACAGTGACTG,6,0.010101010101010102
GAGTGTCACACAGAGTGTCT,2,0.003367003367003367
CAGACTGTCTCTCAGAGTCT,2,0.003367003367003367
GTGACTCTCTCTCAGTGAGT,3,0.005050505050505051
GAGACTCTCTGTGAGTCTCT,2,0.003367003367003367
AGTGTCTGTCTGAGTGACTG,3,0.005050505050505051
GTCAGTCTCAGAGTCAGTGT,1,0.0016835016835016834
TCTGTGACTCTGAGACACAG,3,0.005050505050505051
TGAGTGTCAGTCTCAGTCAG,4,0.006734006734006734
GTGAGTCAGTCAGAGAGACA,24,0.04040404040404041
AGACAGACACTGAGTCTCAC,5,0.008417508417508417
CACTCAGTGACTCTGACTCA,4,0.006734006734006734
TGTGACTGTCAGTGTGTGAC,1,0.0016835016835016834
GACTCTGAGTGAGTGTCTGA,4,0.006734006734006734
ACACTCTCTGTGTCTGTGTG,9,0.015151515151515152
TGACAGTCTCTGAGACACTG,62,0.10437710437710437
GTGAGAGTGTGACAGTGTGA,4,0.006734006734006734
