Barcode,Count,Frequency
TCTCTCACTCAGTGTCTGTC,1,0.0016835016835016834
ACACTGACTCTCAGACACAG,1,0.0016835016835016834
ACTCACAGTCTGACTGACAC,3,0.005050505050505051
TGTGTCTGTCTGTGTGTCAG,4,0.006734006734006734
ACACACTCAGTCAGAGTGTG,3,0.005050505050505051
CTCAGTCACTCAGAGACACA,1,0.0016835016835016834
TCTCTCAGAGTCTCTCAGTG,1,0.0016835016835016834
CAGACTGTCAGTGTGTCACT,1,0.0016835016835016834
TCTCTCTCACTCTCACACTC,1,0.0016835016835016834
TGACTCTGACAGAGAGAGAG,4,0.006734006734006734
AGTCAGTGAGAGAGAGTGAC,22,0.037037037037037035
ACAGACTCTCTGAGTGACAC,2,0.003367003367003367
TGACAGACAGACACTCAGTC,3,0.005050505050505051
CACTCAGACTCACTCAGTGT,2,0.003367003367003367
CAGAGTCTCACTGTGTGACA,1,0.0016835016835016834
GTCACTGACAGTGAGTCTGA,3,0.005050505050505051
ACAGAGACTCTCAGTCACAC,2,0.003367003367003367
TGTGAGTCAGACACTGTGTG,1,0.0016835016835016834
TCACTGTGTGAGAGACTGTG,2,0.003367003367003367
GTCACTGTCACTGAGACTCT,1,0.0016835016835016834
GACAGTCTGTGTGTGAGTCT,1,0.0016835016835016834
TGACTGACACAGTCAGACTC,1,0.0016835016835016834
CTCTGACACTGTCACTGTGA,53,0.08922558922558922
ACTCTCTCTCTCACTCTCAG,2,0.003367003367003367
TGTGAGAGTCTGTCTGAGAG,2,0.003367003367003367
AGACAGTGTCAGTGTCTCAG,3,0.005050505050505051
ACACTCTCTCTCTCAGTGTC,3,0.005050505050505051
GTCAGTCACACTCTCTCAGA,5,0.008417508417508417
TCACACAGACAGAGACTCTG,2,0.003367003367003367
GAGTCACTGACACAGACTGA,2,0.003367003367003367
GAGAGAGACTGTGACTCTGA,1,0.0016835016835016834
GACACTCTGTCACTCAGTCT,9,0.015151515151515152
ACTCACTCACTGTGTCACTC,1,0.0016835016835016834
