Barcode,Count,Frequency
CACTGTCACACACTGACACT,697,1.1734006734006734
CTGTGAGTGTGAGAGACACT,636,1.0707070707070707
CTCTCACACAGTGAGTCTGA,515,0.867003367003367
CAGAGACAGAGTCTGTCACT,240,0.40404040404040403
ACACTGTCTCTGTCAGACAG,301,0.5067340067340067
CACTCTGTGTGAGACAGTGT,1963,3.3047138047138045
AGTCAGAGTCACACTCAGAG,4900,8.24915824915825
AGACAGTGAGTGTGTGTCTG,426,0.7171717171717171
TGTGTCACTCAGTGTGACTC,4532,7.62962962962963
CTCTCACACTGTGTCACACA,60,0.10101010101010101
CAGTCAGTGTCTCTCACTCT,1479,2.48989898989899
AGTCTGACTGACAGTGACTG,12850,21.632996632996633
GAGTGTCACACAGAGTGTCT,3376,5.683501683501683
GTGTGACACTGTCAGTCACT,1860,3.1313131313131315
CTGTCACACAGTGAGTGTCT,3770,6.346801346801347
GTCAGAGTCAGTGAGAGTGT,1761,2.9646464646464645
CAGACTGTCTCTCAGAGTCT,5402,9.094276094276093
ACTGTCAGTCACAGTGTGTG,2155,3.627946127946128
ACTCAGTGAGAGTGTCTGTG,2400,4.040404040404041
GTGACTCTCTCTCAGTGAGT,2216,3.7306397306397305
TGAGACTGACTGACTGAGTC,625,1.0521885521885521
GAGACTCTCTGTGAGTCTCT,487,0.8198653198653199
CACACACTCTGACAGTCTCT,1299,2.186868686868687
GTCTCACAGTCACTCACTCT,362,0.6094276094276094
AGTGACACTCTCTGACAGAC,248,0.4175084175084175
CTGTCAGTGACTGTCTCAGA,551,0.9276094276094277
TCAGTGAGAGAGTGTCAGAC,2939,4.947811447811448
AGTGTCTGTCTGAGTGACTG,4710,7.929292929292929
GTCAGTCTCAGAGTCAGTGT,1624,2.734006734006734
GACACTCTCTGACTCAGACT,5206,8.764309764309765
TCTGTGACTCTGAGACACAG,4301,7.2407407407407405
TGACACAGTGTGTCAGTCAG,505,0.8501683501683501
TGAGTGTCAGTCTCAGTCAG,1767,2.974747474747475
ACTCTCAGTGAGAGACAGAC,1065,1.792929292929293
GTCAGAGTGAGAGTGTGAGT,4031,6.786195286195286
TGTGTGTCAGAGAGAGTGAG,1313,2.2104377104377106
TGACTGACACTCACTCACAC,29,0.04882154882154882
AGACTGACAGAGTCTGTCTG,818,1.3771043771043772
GTGAGTCAGTCAGAGAGACA,2576,4.3367003367003365
CTGACAGAGACTGTCTGACA,523,0.8804713804713805
AGACAGACACTGAGTCTCAC,4343,7.311447811447811
TGTGACTCTGTGTGAGTCAC,582,0.9797979797979798
CACTCAGTGACTCTGACTCA,1369,2.3047138047138045
TGTGACTGTCAGTGTGTGAC,3210,5.404040404040404
GACTCTGAGTGAGTGTCTGA,7606,12.804713804713804
ACACTCTCTGTGTCTGTGTG,3876,6.525252525252525
CACTGACTCTCAGAGAGAGT,1925,3.240740740740741
TGACAGTCTCTGAGACACTG,4816,8.107744107744107
GTCTCTGACAGACAGTCTCT,1031,1.7356902356902357
GTGAGAGTGTGACAGTGTGA,3080,5.185185185185185
GTCACAGACTGAGTGTCTGT,2040,3.4343434343434343
CACACACTCACTCACACACA,492,0.8282828282828283
