Barcode,Count,Frequency
GTCTGTGTCTGACTCTCAGT,487,0.8198653198653199
TGACTGTGTGTCACTGTGTC,2498,4.205387205387205
GAGACAGAGAGAGAGTCTGT,424,0.7138047138047138
GACTGAGAGAGACACTCTGA,152,0.2558922558922559
GACAGAGTCTGAGTGTCACA,1461,2.45959595959596
GTGTCACACTCAGACTCTCA,1766,2.973063973063973
AGTGTCTCAGAGTGTGTCTG,1674,2.8181818181818183
GTGAGTCACAGACAGAGTGA,291,0.4898989898989899
GACAGTCTGTGTGAGAGTGA,2442,4.111111111111111
AGTGAGTCACACTCTGACTC,1944,3.272727272727273
AGAGACTCTGTCTGTGTGTG,2455,4.132996632996633
GTCTCACTCACTCTCTCACA,658,1.1077441077441077
TGAGAGTCACTGTGAGAGTG,6875,11.574074074074074
CTGTCACAGTCACAGTGACA,593,0.9983164983164983
TGACAGAGAGTCAGTGTCTG,1865,3.1397306397306397
ACTGAGACAGAGAGTCAGTG,9711,16.348484848484848
CAGAGACTGTGTGAGTCTGA,2385,4.015151515151516
GAGACTGTGTGTGAGAGACT,187,0.3148148148148148
TCTCTCTCTGACAGTCTGTG,1080,1.8181818181818181
GACTGTGAGACAGTCTCTCA,2265,3.813131313131313
TCAGAGACACTCTGTCTCTC,510,0.8585858585858586
CAGTCTGTCAGACTGAGAGT,169,0.2845117845117845
TCAGAGAGAGTCTCTGACAG,3389,5.705387205387205
AGACTGACTGAGTGTCACTC,2217,3.7323232323232323
AGACACACTCACAGAGTCTG,2043,3.4393939393939394
CAGTCACTGACTGTCTGTCT,817,1.3754208754208754
CTGACTGTCAGTGTCAGACA,2648,4.457912457912458
GTCACAGTCTCTCAGTGACA,1609,2.708754208754209
AGACAGTCTCAGTGTGTGTC,803,1.3518518518518519
ACAGTGAGAGTCACTGAGTG,2050,3.451178451178451
GAGTCTGAGACAGAGTGTGA,2048,3.4478114478114477
CACTGTGAGAGAGTGAGAGT,3949,6.648148148148148
ACTGTCAGTCTGTCTGAGTG,11125,18.72895622895623
ACAGACTGTCAGTCAGAGTC,1360,2.2895622895622894
AGACTCTGAGACTGTCACTG,2041,3.436026936026936
TGAGTGTCAGAGACAGACAC,900,1.5151515151515151
CACTCAGTGACTCTGTCTGA,5072,8.538720538720538
GTGTGAGTCAGACAGTGTCT,1104,1.8585858585858586
CAGACAGTCTCAGACTCACT,2375,3.9983164983164983
ACTCTCTGAGAGAGAGACTG,1599,2.691919191919192
CTCACACTGTCAGACAGTCA,270,0.45454545454545453
GTCAGTCACAGAGTGTGTCT,501,0.8434343434343434
AGAGTCAGTGACAGAGAGAG,935,1.5740740740740742
GACTCACACTCAGTGTCTCT,5896,9.925925925925926
GAGAGTGACTGTGTCACAGA,56,0.09427609427609428
CACAGACACTCACTGTCAGT,1686,2.8383838383838382
TGAGTCACAGAGAGTCACTC,173,0.29124579124579125
CTGTGTGTCTCTGTGTGTGT,67725,114.01515151515152
TGTCACACACACTGTCTGAC,1882,3.1683501683501682
GAGACAGTGACAGAGTGTCA,2512,4.228956228956229
TGAGTCTCTCTCAGTGACAC,1011,1.702020202020202
TCAGAGTCACTCTGTCTGTG,4671,7.863636363636363
GACTCTGTCTGTGTGTCTGA,1198,2.016835016835017
