Barcode,Count,Frequency
GTCTGTGTCTGACTCTCAGT,2,0.003367003367003367
TGACTGTGTGTCACTGTGTC,1,0.0016835016835016834
GAGACAGAGAGAGAGTCTGT,1,0.0016835016835016834
GTGTCACACTCAGACTCTCA,11,0.018518518518518517
AGTGTCTCAGAGTGTGTCTG,1,0.0016835016835016834
GTGAGTCACAGACAGAGTGA,1,0.0016835016835016834
GACAGTCTGTGTGAGAGTGA,2,0.003367003367003367
AGTGAGTCACACTCTGACTC,3,0.005050505050505051
GTCTCACTCACTCTCTCACA,4,0.006734006734006734
CTGTCACAGTCACAGTGACA,2,0.003367003367003367
ACTGAGACAGAGAGTCAGTG,53,0.08922558922558922
CAGAGACTGTGTGAGTCTGA,11,0.018518518518518517
CAGTCTGTCAGACTGAGAGT,1,0.0016835016835016834
TCAGAGAGAGTCTCTGACAG,8,0.013468013468013467
AGACTGACTGAGTGTCACTC,1,0.0016835016835016834
AGACACACTCACAGAGTCTG,4,0.006734006734006734
CTGACTGTCAGTGTCAGACA,4,0.006734006734006734
GTCACAGTCTCTCAGTGACA,10,0.016835016835016835
AGACAGTCTCAGTGTGTGTC,1,0.0016835016835016834
ACAGTGAGAGTCACTGAGTG,3,0.005050505050505051
GAGTCTGAGACAGAGTGTGA,5,0.008417508417508417
CACTGTGAGAGAGTGAGAGT,8,0.013468013468013467
ACTGTCAGTCTGTCTGAGTG,30,0.050505050505050504
ACAGACTGTCAGTCAGAGTC,5,0.008417508417508417
CACTCAGTGACTCTGTCTGA,24,0.04040404040404041
GTGTGAGTCAGACAGTGTCT,4,0.006734006734006734
CAGACAGTCTCAGACTCACT,7,0.011784511784511785
ACTCTCTGAGAGAGAGACTG,3,0.005050505050505051
GACTCACACTCAGTGTCTCT,23,0.03872053872053872
CACAGACACTCACTGTCAGT,3,0.005050505050505051
CTGTGTGTCTCTGTGTGTGT,34,0.05723905723905724
GAGACAGTGACAGAGTGTCA,16,0.026936026936026935
TCAGAGTCACTCTGTCTGTG,23,0.03872053872053872
GACTCTGTCTGTGTGTCTGA,4,0.006734006734006734
