Barcode,Count,Frequency
CACTGTCACACACTGACACT,4,0.006734006734006734
CACTCTGTGTGAGACAGTGT,2,0.003367003367003367
AGTCAGAGTCACACTCAGAG,10,0.016835016835016835
AGACAGTGAGTGTGTGTCTG,2,0.003367003367003367
TGTGTCACTCAGTGTGACTC,26,0.04377104377104377
AGTCTGACTGACAGTGACTG,37,0.06228956228956229
GAGTGTCACACAGAGTGTCT,5,0.008417508417508417
GTGTGACACTGTCAGTCACT,1,0.0016835016835016834
CTGTCACACAGTGAGTGTCT,17,0.02861952861952862
GTCAGAGTCAGTGAGAGTGT,3,0.005050505050505051
CAGACTGTCTCTCAGAGTCT,11,0.018518518518518517
ACTGTCAGTCACAGTGTGTG,12,0.020202020202020204
ACTCAGTGAGAGTGTCTGTG,7,0.011784511784511785
TGAGACTGACTGACTGAGTC,6,0.010101010101010102
GAGACTCTCTGTGAGTCTCT,2,0.003367003367003367
CACACACTCTGACAGTCTCT,2,0.003367003367003367
CTGTCAGTGACTGTCTCAGA,1,0.0016835016835016834
TCAGTGAGAGAGTGTCAGAC,3,0.005050505050505051
AGTGTCTGTCTGAGTGACTG,9,0.015151515151515152
GACACTCTCTGACTCAGACT,14,0.02356902356902357
TCTGTGACTCTGAGACACAG,7,0.011784511784511785
TGAGTGTCAGTCTCAGTCAG,6,0.010101010101010102
ACTCTCAGTGAGAGACAGAC,7,0.011784511784511785
GTCAGAGTGAGAGTGTGAGT,4,0.006734006734006734
TGTGTGTCAGAGAGAGTGAG,2,0.003367003367003367
GTGAGTCAGTCAGAGAGACA,10,0.016835016835016835
CTGACAGAGACTGTCTGACA,1,0.0016835016835016834
AGACAGACACTGAGTCTCAC,18,0.030303030303030304
CACTCAGTGACTCTGACTCA,2,0.003367003367003367
TGTGACTGTCAGTGTGTGAC,8,0.013468013468013467
GACTCTGAGTGAGTGTCTGA,12,0.020202020202020204
ACACTCTCTGTGTCTGTGTG,10,0.016835016835016835
CACTGACTCTCAGAGAGAGT,4,0.006734006734006734
TGACAGTCTCTGAGACACTG,59,0.09932659932659933
GTGAGAGTGTGACAGTGTGA,6,0.010101010101010102
