Barcode,Count,Frequency
TGACTGTGTGTCACTGTGTC,1,0.0016835016835016834
GTGTCACACTCAGACTCTCA,103,0.1734006734006734
GACAGTCTGTGTGAGAGTGA,5,0.008417508417508417
AGTGAGTCACACTCTGACTC,4,0.006734006734006734
AGAGACTCTGTCTGTGTGTG,1,0.0016835016835016834
TGAGAGTCACTGTGAGAGTG,5,0.008417508417508417
ACTGAGACAGAGAGTCAGTG,35,0.058922558922558925
CAGAGACTGTGTGAGTCTGA,1,0.0016835016835016834
TCTCTCTCTGACAGTCTGTG,2,0.003367003367003367
GACTGTGAGACAGTCTCTCA,1,0.0016835016835016834
TCAGAGAGAGTCTCTGACAG,12,0.020202020202020204
AGACTGACTGAGTGTCACTC,4,0.006734006734006734
AGACACACTCACAGAGTCTG,5,0.008417508417508417
CTGACTGTCAGTGTCAGACA,6,0.010101010101010102
GTCACAGTCTCTCAGTGACA,3,0.005050505050505051
AGACAGTCTCAGTGTGTGTC,1,0.0016835016835016834
ACAGTGAGAGTCACTGAGTG,2,0.003367003367003367
GAGTCTGAGACAGAGTGTGA,7,0.011784511784511785
CACTGTGAGAGAGTGAGAGT,6,0.010101010101010102
ACTGTCAGTCTGTCTGAGTG,20,0.03367003367003367
ACAGACTGTCAGTCAGAGTC,2,0.003367003367003367
AGACTCTGAGACTGTCACTG,3,0.005050505050505051
CACTCAGTGACTCTGTCTGA,27,0.045454545454545456
CAGACAGTCTCAGACTCACT,5,0.008417508417508417
ACTCTCTGAGAGAGAGACTG,12,0.020202020202020204
GTCAGTCACAGAGTGTGTCT,1,0.0016835016835016834
GACTCACACTCAGTGTCTCT,8,0.013468013468013467
CACAGACACTCACTGTCAGT,3,0.005050505050505051
CTGTGTGTCTCTGTGTGTGT,29,0.04882154882154882
GAGACAGTGACAGAGTGTCA,10,0.016835016835016835
TCAGAGTCACTCTGTCTGTG,9,0.015151515151515152
GACTCTGTCTGTGTGTCTGA,1,0.0016835016835016834
