Barcode,Count,Frequency
CACTGTCACACACTGACACT,6,0.010101010101010102
CTCTCACACAGTGAGTCTGA,1,0.0016835016835016834
AGTCAGAGTCACACTCAGAG,16,0.026936026936026935
AGACAGTGAGTGTGTGTCTG,1,0.0016835016835016834
TGTGTCACTCAGTGTGACTC,30,0.050505050505050504
AGTCTGACTGACAGTGACTG,51,0.08585858585858586
GAGTGTCACACAGAGTGTCT,2,0.003367003367003367
GTGTGACACTGTCAGTCACT,2,0.003367003367003367
CTGTCACACAGTGAGTGTCT,7,0.011784511784511785
GTCAGAGTCAGTGAGAGTGT,1,0.0016835016835016834
CAGACTGTCTCTCAGAGTCT,4,0.006734006734006734
ACTGTCAGTCACAGTGTGTG,11,0.018518518518518517
ACTCAGTGAGAGTGTCTGTG,3,0.005050505050505051
GTGACTCTCTCTCAGTGAGT,2,0.003367003367003367
TGAGACTGACTGACTGAGTC,1,0.0016835016835016834
CACACACTCTGACAGTCTCT,1,0.0016835016835016834
CTGTCAGTGACTGTCTCAGA,2,0.003367003367003367
TCAGTGAGAGAGTGTCAGAC,9,0.015151515151515152
AGTGTCTGTCTGAGTGACTG,4,0.006734006734006734
GTCAGTCTCAGAGTCAGTGT,1,0.0016835016835016834
GACACTCTCTGACTCAGACT,13,0.021885521885521887
TCTGTGACTCTGAGACACAG,7,0.011784511784511785
TGAGTGTCAGTCTCAGTCAG,3,0.005050505050505051
ACTCTCAGTGAGAGACAGAC,1,0.0016835016835016834
GTCAGAGTGAGAGTGTGAGT,6,0.010101010101010102
AGACTGACAGAGTCTGTCTG,1,0.0016835016835016834
GTGAGTCAGTCAGAGAGACA,31,0.05218855218855219
AGACAGACACTGAGTCTCAC,14,0.02356902356902357
TGTGACTGTCAGTGTGTGAC,6,0.010101010101010102
GACTCTGAGTGAGTGTCTGA,8,0.013468013468013467
ACACTCTCTGTGTCTGTGTG,17,0.02861952861952862
CACTGACTCTCAGAGAGAGT,3,0.005050505050505051
TGACAGTCTCTGAGACACTG,87,0.14646464646464646
GTGAGAGTGTGACAGTGTGA,6,0.010101010101010102
GTCACAGACTGAGTGTCTGT,1,0.0016835016835016834
