Barcode,Count,Frequency
GTGTCACACTCAGACTCTCA,3,0.005050505050505051
AGTGTCTCAGAGTGTGTCTG,1,0.0016835016835016834
AGTGAGTCACACTCTGACTC,1,0.0016835016835016834
ACTGAGACAGAGAGTCAGTG,10,0.016835016835016835
CAGAGACTGTGTGAGTCTGA,6,0.010101010101010102
TCAGAGAGAGTCTCTGACAG,7,0.011784511784511785
AGACTGACTGAGTGTCACTC,1,0.0016835016835016834
AGACACACTCACAGAGTCTG,14,0.02356902356902357
ACAGTGAGAGTCACTGAGTG,1,0.0016835016835016834
GAGTCTGAGACAGAGTGTGA,1,0.0016835016835016834
CACTGTGAGAGAGTGAGAGT,1,0.0016835016835016834
ACTGTCAGTCTGTCTGAGTG,4,0.006734006734006734
ACAGACTGTCAGTCAGAGTC,2,0.003367003367003367
CACTCAGTGACTCTGTCTGA,4,0.006734006734006734
GTGTGAGTCAGACAGTGTCT,1,0.0016835016835016834
CAGACAGTCTCAGACTCACT,1,0.0016835016835016834
GACTCACACTCAGTGTCTCT,2,0.003367003367003367
CTGTGTGTCTCTGTGTGTGT,5,0.008417508417508417
TCAGAGTCACTCTGTCTGTG,1,0.0016835016835016834
