Barcode,Count,Frequency
AGTCAGAGTCACACTCAGAG,9,0.015151515151515152
AGACAGTGAGTGTGTGTCTG,1,0.0016835016835016834
TGTGTCACTCAGTGTGACTC,3,0.005050505050505051
AGTCTGACTGACAGTGACTG,4,0.006734006734006734
GAGTGTCACACAGAGTGTCT,6,0.010101010101010102
GTGTGACACTGTCAGTCACT,1,0.0016835016835016834
CTGTCACACAGTGAGTGTCT,2,0.003367003367003367
GTCAGAGTCAGTGAGAGTGT,2,0.003367003367003367
CAGACTGTCTCTCAGAGTCT,1,0.0016835016835016834
ACTGTCAGTCACAGTGTGTG,1,0.0016835016835016834
GTGACTCTCTCTCAGTGAGT,1,0.0016835016835016834
AGTGTCTGTCTGAGTGACTG,9,0.015151515151515152
GTGAGTCAGTCAGAGAGACA,3,0.005050505050505051
AGACAGACACTGAGTCTCAC,1,0.0016835016835016834
GACTCTGAGTGAGTGTCTGA,1,0.0016835016835016834
CACTGACTCTCAGAGAGAGT,1,0.0016835016835016834
TGACAGTCTCTGAGACACTG,152,0.2558922558922559
GTGAGAGTGTGACAGTGTGA,15,0.025252525252525252
GTCACAGACTGAGTGTCTGT,1,0.0016835016835016834
CACACACTCACTCACACACA,2,0.003367003367003367
