Barcode,Count,Frequency
AGACTCAGTGTCACAGTCAG,1,0.0016835016835016834
ACACACTCAGTCAGAGTGTG,1,0.0016835016835016834
CACTGACTGACTGTGTGTGT,2,0.003367003367003367
CTCAGTGAGTGTCAGAGTCT,1,0.0016835016835016834
CTCAGTCACTCAGAGACACA,2,0.003367003367003367
TCTGTCTGAGACAGTCAGTC,1,0.0016835016835016834
AGTCAGTGAGAGAGAGTGAC,1,0.0016835016835016834
CACTCACACTCACACAGTCA,1,0.0016835016835016834
TGTGACACAGTGTCTGAGTC,1,0.0016835016835016834
TCTGACTGTGTGTGACTCAG,1,0.0016835016835016834
GTCACTGTCACTGAGACTCT,1,0.0016835016835016834
GACAGAGTCTGAGTGTGAGT,1,0.0016835016835016834
ACTCAGACAGACTCACTCAC,1,0.0016835016835016834
CTCTGACACTGTCACTGTGA,2,0.003367003367003367
ACTCTCTCTCTCACTCTCAG,5,0.008417508417508417
GTCTGTGTCTCAGTCTGTGT,1,0.0016835016835016834
CTGACACAGTGTCTCAGACT,1,0.0016835016835016834
AGACAGTGTCAGTGTCTCAG,15,0.025252525252525252
GTCAGTCACACTCTCTCAGA,150,0.25252525252525254
AGTGTCTGAGACAGTGAGTC,7,0.011784511784511785
TCACACAGACAGAGACTCTG,7,0.011784511784511785
TGACACTGAGTGTCTGTGTG,1,0.0016835016835016834
GAGTCACTGACACAGACTGA,3,0.005050505050505051
ACTCACTCACTGTGTCACTC,1,0.0016835016835016834
