Barcode,Count,Frequency
GTCTCTGACACTGACTCACA,2,0.003367003367003367
TGTGTCTGTCTGTGTGTCAG,2,0.003367003367003367
CTCAGTGAGTGTCAGAGTCT,1,0.0016835016835016834
CAGACTGTCAGTGTGTCACT,5,0.008417508417508417
AGTCAGTGAGAGAGAGTGAC,1,0.0016835016835016834
TGTGAGAGTCTCACACTCAG,1,0.0016835016835016834
TGACAGACAGACACTCAGTC,4,0.006734006734006734
CACTCAGACTCACTCAGTGT,1,0.0016835016835016834
CACTCACACTCACACAGTCA,1,0.0016835016835016834
CACTCTCTGACAGACTGAGT,1,0.0016835016835016834
CAGTGTCACACTGAGTGTCT,1,0.0016835016835016834
CAGAGTGTCTCAGAGAGTGT,1,0.0016835016835016834
CTGACACAGTGTCTCAGACT,1,0.0016835016835016834
TGTGAGAGTCTGTCTGAGAG,2,0.003367003367003367
AGACAGTGTCAGTGTCTCAG,11,0.018518518518518517
GTCAGTCACACTCTCTCAGA,136,0.22895622895622897
TCACACAGACAGAGACTCTG,12,0.020202020202020204
GTCTCTCTCTCTGTCTCTCT,1,0.0016835016835016834
GACACTCTGTCACTCAGTCT,1,0.0016835016835016834
ACTCACTCACTGTGTCACTC,1,0.0016835016835016834
