Barcode,Count,Frequency
AGTCAGAGTCACACTCAGAG,12,0.020202020202020204
TGTGTCACTCAGTGTGACTC,1,0.0016835016835016834
AGTCTGACTGACAGTGACTG,7,0.011784511784511785
ACTCAGTGAGAGTGTCTGTG,1,0.0016835016835016834
AGTGTCTGTCTGAGTGACTG,1,0.0016835016835016834
GACACTCTCTGACTCAGACT,2,0.003367003367003367
TCTGTGACTCTGAGACACAG,1,0.0016835016835016834
TGAGTGTCAGTCTCAGTCAG,1,0.0016835016835016834
TGTGTGTCAGAGAGAGTGAG,1,0.0016835016835016834
GTGAGTCAGTCAGAGAGACA,2,0.003367003367003367
AGACAGACACTGAGTCTCAC,4,0.006734006734006734
TGTGACTGTCAGTGTGTGAC,1,0.0016835016835016834
ACACTCTCTGTGTCTGTGTG,1,0.0016835016835016834
CACTGACTCTCAGAGAGAGT,1,0.0016835016835016834
TGACAGTCTCTGAGACACTG,140,0.2356902356902357
GTGAGAGTGTGACAGTGTGA,11,0.018518518518518517
GTCACAGACTGAGTGTCTGT,1,0.0016835016835016834
