Barcode,Count,Frequency
GTGTCACACTCAGACTCTCA,1,0.0016835016835016834
GACAGTCTGTGTGAGAGTGA,1,0.0016835016835016834
TGAGAGTCACTGTGAGAGTG,1,0.0016835016835016834
ACTGAGACAGAGAGTCAGTG,14,0.02356902356902357
AGACTGACTGAGTGTCACTC,1,0.0016835016835016834
AGACACACTCACAGAGTCTG,10,0.016835016835016835
GAGTCTGAGACAGAGTGTGA,1,0.0016835016835016834
CACTGTGAGAGAGTGAGAGT,5,0.008417508417508417
ACTGTCAGTCTGTCTGAGTG,3,0.005050505050505051
ACAGACTGTCAGTCAGAGTC,1,0.0016835016835016834
CACTCAGTGACTCTGTCTGA,2,0.003367003367003367
GTGTGAGTCAGACAGTGTCT,1,0.0016835016835016834
CAGACAGTCTCAGACTCACT,1,0.0016835016835016834
ACTCTCTGAGAGAGAGACTG,1,0.0016835016835016834
CACAGACACTCACTGTCAGT,2,0.003367003367003367
CTGTGTGTCTCTGTGTGTGT,3,0.005050505050505051
GAGACAGTGACAGAGTGTCA,4,0.006734006734006734
