Barcode,Count,Frequency
CACTCTGTGTGAGACAGTGT,2,0.003367003367003367
AGTCAGAGTCACACTCAGAG,12,0.020202020202020204
TGTGTCACTCAGTGTGACTC,2,0.003367003367003367
AGTCTGACTGACAGTGACTG,8,0.013468013468013467
GTGTGACACTGTCAGTCACT,3,0.005050505050505051
CTGTCACACAGTGAGTGTCT,2,0.003367003367003367
CAGACTGTCTCTCAGAGTCT,1,0.0016835016835016834
ACTCAGTGAGAGTGTCTGTG,1,0.0016835016835016834
GTGACTCTCTCTCAGTGAGT,2,0.003367003367003367
GAGACTCTCTGTGAGTCTCT,1,0.0016835016835016834
AGTGTCTGTCTGAGTGACTG,4,0.006734006734006734
GTCAGTCTCAGAGTCAGTGT,1,0.0016835016835016834
GACACTCTCTGACTCAGACT,1,0.0016835016835016834
TGAGTGTCAGTCTCAGTCAG,2,0.003367003367003367
GTCAGAGTGAGAGTGTGAGT,4,0.006734006734006734
GTGAGTCAGTCAGAGAGACA,2,0.003367003367003367
AGACAGACACTGAGTCTCAC,1,0.0016835016835016834
ACACTCTCTGTGTCTGTGTG,4,0.006734006734006734
TGACAGTCTCTGAGACACTG,242,0.4074074074074074
GTGAGAGTGTGACAGTGTGA,7,0.011784511784511785
