Barcode,Count,Frequency
GTGTCACACTCAGACTCTCA,3,0.005050505050505051
AGTGAGTCACACTCTGACTC,4,0.006734006734006734
CTGTCACAGTCACAGTGACA,1,0.0016835016835016834
ACTGAGACAGAGAGTCAGTG,13,0.021885521885521887
TCAGAGAGAGTCTCTGACAG,4,0.006734006734006734
AGACACACTCACAGAGTCTG,7,0.011784511784511785
CTGACTGTCAGTGTCAGACA,2,0.003367003367003367
GTCACAGTCTCTCAGTGACA,6,0.010101010101010102
GAGTCTGAGACAGAGTGTGA,3,0.005050505050505051
CACTGTGAGAGAGTGAGAGT,1,0.0016835016835016834
ACTGTCAGTCTGTCTGAGTG,8,0.013468013468013467
ACAGACTGTCAGTCAGAGTC,1,0.0016835016835016834
CACTCAGTGACTCTGTCTGA,2,0.003367003367003367
GACTCACACTCAGTGTCTCT,1,0.0016835016835016834
CACAGACACTCACTGTCAGT,2,0.003367003367003367
CTGTGTGTCTCTGTGTGTGT,4,0.006734006734006734
GAGACAGTGACAGAGTGTCA,1,0.0016835016835016834
TCAGAGTCACTCTGTCTGTG,1,0.0016835016835016834
