Barcode,Count,Frequency
GTGTGACACAGAGACTCTGT,2,0.003367003367003367
TGTGTCTGTCTGTGTGTCAG,2,0.003367003367003367
AGACTCAGTGTCACAGTCAG,1,0.0016835016835016834
ACACACTCAGTCAGAGTGTG,2,0.003367003367003367
TCAGAGTCTCACTGACAGTG,1,0.0016835016835016834
TGTCTCAGAGTCACAGTGAC,1,0.0016835016835016834
AGTCAGTGAGAGAGAGTGAC,2,0.003367003367003367
TGACAGACAGACACTCAGTC,1,0.0016835016835016834
GTCACTGACAGTGAGTCTGA,3,0.005050505050505051
GTCACTGTCACTGAGACTCT,3,0.005050505050505051
GACTGACTCTGTCAGTGTCT,1,0.0016835016835016834
GACACACTGTGAGTGAGTCA,1,0.0016835016835016834
ACTCAGACAGACTCACTCAC,3,0.005050505050505051
CTCTGACACTGTCACTGTGA,1,0.0016835016835016834
CAGTGTCAGTCTGTGTCAGT,4,0.006734006734006734
CAGAGTGTCTCAGAGAGTGT,1,0.0016835016835016834
CTGACACAGTGTCTCAGACT,1,0.0016835016835016834
AGACAGTGTCAGTGTCTCAG,6,0.010101010101010102
TGTCACAGTGTGACAGTGTC,1,0.0016835016835016834
GTCAGTCACACTCTCTCAGA,234,0.3939393939393939
AGTGTCTGAGACAGTGAGTC,1,0.0016835016835016834
TCACACAGACAGAGACTCTG,11,0.018518518518518517
AGACTCTCAGACACTCTCTC,4,0.006734006734006734
GAGTCACTGACACAGACTGA,2,0.003367003367003367
GACACTCTGTCACTCAGTCT,2,0.003367003367003367
