Barcode,Count,Frequency
GTCTGTGTCTGACTCTCAGT,13,0.005385252692626346
TGACTGTGTGTCACTGTGTC,87,0.03603976801988401
GAGACAGAGAGAGAGTCTGT,28,0.0115990057995029
GACTGAGAGAGACACTCTGA,23,0.009527754763877383
GACAGAGTCTGAGTGTCACA,51,0.02112676056338028
GTGTCACACTCAGACTCTCA,19,0.007870753935376968
AGTGTCTCAGAGTGTGTCTG,36,0.014913007456503728
GTGAGTCACAGACAGAGTGA,59,0.02444076222038111
GACAGTCTGTGTGAGAGTGA,46,0.019055509527754765
AGTGAGTCACACTCTGACTC,72,0.029826014913007456
AGAGACTCTGTCTGTGTGTG,99,0.04101077050538525
GTCTCACTCACTCTCTCACA,41,0.016984258492129246
TGAGAGTCACTGTGAGAGTG,83,0.0343827671913836
CTGTCACAGTCACAGTGACA,35,0.014498757249378625
ACTGAGTCACAGTGACTCAG,41,0.016984258492129246
TGACAGAGAGTCAGTGTCTG,28,0.0115990057995029
ACTGAGACAGAGAGTCAGTG,207,0.08574979287489644
CAGAGACTGTGTGAGTCTGA,82,0.03396851698425849
GAGACTGTGTGTGAGAGACT,16,0.006628003314001657
TCTCTCTCTGACAGTCTGTG,18,0.007456503728251864
GACTGTGAGACAGTCTCTCA,58,0.024026512013256007
TCAGAGACACTCTGTCTCTC,12,0.004971002485501243
CAGTCTGTCAGACTGAGAGT,2,0.0008285004142502071
TCAGAGAGAGTCTCTGACAG,50,0.020712510356255178
AGACTGACTGAGTGTCACTC,60,0.024855012427506214
AGACACACTCACAGAGTCTG,37,0.015327257663628831
CAGTCACTGACTGTCTGTCT,12,0.004971002485501243
CTGACTGTCAGTGTCAGACA,16,0.006628003314001657
GTCACAGTCTCTCAGTGACA,67,0.02775476387738194
AGACAGTCTCAGTGTGTGTC,8,0.0033140016570008283
ACAGTGAGAGTCACTGAGTG,57,0.023612261806130904
GAGTCTGAGACAGAGTGTGA,70,0.02899751449875725
CACTGTGAGAGAGTGAGAGT,59,0.02444076222038111
ACTGTCAGTCTGTCTGAGTG,120,0.04971002485501243
ACAGACTGTCAGTCAGAGTC,1,0.00041425020712510354
AGACTCTGAGACTGTCACTG,30,0.012427506213753107
TGAGTGTCAGAGACAGACAC,23,0.009527754763877383
CACTCAGTGACTCTGTCTGA,124,0.05136702568351284
GTGTGAGTCAGACAGTGTCT,15,0.006213753106876553
CAGACAGTCTCAGACTCACT,32,0.013256006628003313
ACTCTCTGAGAGAGAGACTG,18,0.007456503728251864
CTCACACTGTCAGACAGTCA,18,0.007456503728251864
GTCAGTCACAGAGTGTGTCT,14,0.00579950289975145
AGAGTCAGTGACAGAGAGAG,28,0.0115990057995029
GACTCACACTCAGTGTCTCT,66,0.027340513670256836
GAGAGTGACTGTGTCACAGA,2,0.0008285004142502071
CACAGACACTCACTGTCAGT,35,0.014498757249378625
TGAGTCACAGAGAGTCACTC,6,0.0024855012427506215
CTGTGTGTCTCTGTGTGTGT,111,0.045981772990886495
TGTCACACACACTGTCTGAC,17,0.007042253521126761
GAGACAGTGACAGAGTGTCA,48,0.01988400994200497
TGAGTCTCTCTCAGTGACAC,19,0.007870753935376968
TCAGAGTCACTCTGTCTGTG,42,0.01739850869925435
GACTCTGTCTGTGTGTCTGA,53,0.021955260977630488
