Barcode,Count,Frequency
CTCTCACACAGTGAGTCTGA,6,0.010101010101010102
ACACTGTCTCTGTCAGACAG,1,0.0016835016835016834
CACTCTGTGTGAGACAGTGT,7,0.011784511784511785
AGTCAGAGTCACACTCAGAG,12,0.020202020202020204
AGACAGTGAGTGTGTGTCTG,2,0.003367003367003367
TGTGTCACTCAGTGTGACTC,34,0.05723905723905724
CAGTCAGTGTCTCTCACTCT,10,0.016835016835016835
AGTCTGACTGACAGTGACTG,31,0.05218855218855219
GAGTGTCACACAGAGTGTCT,13,0.021885521885521887
GTGTGACACTGTCAGTCACT,6,0.010101010101010102
CTGTCACACAGTGAGTGTCT,15,0.025252525252525252
GTCAGAGTCAGTGAGAGTGT,9,0.015151515151515152
CAGACTGTCTCTCAGAGTCT,10,0.016835016835016835
ACTGTCAGTCACAGTGTGTG,3,0.005050505050505051
ACTCAGTGAGAGTGTCTGTG,10,0.016835016835016835
GTGACTCTCTCTCAGTGAGT,8,0.013468013468013467
GAGACTCTCTGTGAGTCTCT,4,0.006734006734006734
GTCTCACAGTCACTCACTCT,2,0.003367003367003367
TCAGTGAGAGAGTGTCAGAC,14,0.02356902356902357
AGTGTCTGTCTGAGTGACTG,22,0.037037037037037035
GTCAGTCTCAGAGTCAGTGT,3,0.005050505050505051
GACACTCTCTGACTCAGACT,12,0.020202020202020204
TCTGTGACTCTGAGACACAG,17,0.02861952861952862
TGACACAGTGTGTCAGTCAG,2,0.003367003367003367
TGAGTGTCAGTCTCAGTCAG,11,0.018518518518518517
ACTCTCAGTGAGAGACAGAC,5,0.008417508417508417
GTCAGAGTGAGAGTGTGAGT,20,0.03367003367003367
TGTGTGTCAGAGAGAGTGAG,2,0.003367003367003367
AGACTGACAGAGTCTGTCTG,2,0.003367003367003367
GTGAGTCAGTCAGAGAGACA,21,0.03535353535353535
CTGACAGAGACTGTCTGACA,1,0.0016835016835016834
AGACAGACACTGAGTCTCAC,22,0.037037037037037035
TGTGACTGTCAGTGTGTGAC,6,0.010101010101010102
GACTCTGAGTGAGTGTCTGA,23,0.03872053872053872
ACACTCTCTGTGTCTGTGTG,21,0.03535353535353535
CACTGACTCTCAGAGAGAGT,8,0.013468013468013467
TGACAGTCTCTGAGACACTG,19,0.03198653198653199
GTCTCTGACAGACAGTCTCT,2,0.003367003367003367
GTGAGAGTGTGACAGTGTGA,10,0.016835016835016835
GTCACAGACTGAGTGTCTGT,5,0.008417508417508417
