Barcode,Count,Frequency
GTCTCACTCACTCTCTCACA,1,0.0016835016835016834
GAGACTGTGTGTGAGAGACT,1,0.0016835016835016834
CACTGTGAGAGAGTGAGAGT,5,0.008417508417508417
ACTGTCAGTCTGTCTGAGTG,2,0.003367003367003367
TGTCACACACACTGTCTGAC,1,0.0016835016835016834
TGAGTCTCTCTCAGTGACAC,1,0.0016835016835016834
TCAGAGTCACTCTGTCTGTG,1,0.0016835016835016834
