Barcode,Count,Frequency
ACTCACAGTCTGACTGACAC,5,0.008417508417508417
GTCTCTGACACTGACTCACA,2,0.003367003367003367
AGTCTGACAGACTGACAGTG,1,0.0016835016835016834
GAGTCTGTGTGTCACACAGT,1,0.0016835016835016834
GTGTCACTCAGAGAGACTGA,1,0.0016835016835016834
AGTGTCTGTGACTGAGACTG,1,0.0016835016835016834
ACTCACTCACTGTGTCACTC,1,0.0016835016835016834
