Barcode,Count,Frequency
TGACTGTGTGTCACTGTGTC,5,0.012048192771084338
GAGACAGAGAGAGAGTCTGT,2,0.004819277108433735
GTGTCACACTCAGACTCTCA,12,0.02891566265060241
AGTGTCTCAGAGTGTGTCTG,15,0.03614457831325301
GACAGTCTGTGTGAGAGTGA,12,0.02891566265060241
AGTGAGTCACACTCTGACTC,8,0.01927710843373494
AGAGACTCTGTCTGTGTGTG,13,0.03132530120481928
GTCTCACTCACTCTCTCACA,7,0.016867469879518072
TGAGAGTCACTGTGAGAGTG,11,0.02650602409638554
CTGTCACAGTCACAGTGACA,6,0.014457831325301205
TGACAGAGAGTCAGTGTCTG,7,0.016867469879518072
ACTGAGACAGAGAGTCAGTG,29,0.06987951807228916
CAGAGACTGTGTGAGTCTGA,10,0.024096385542168676
TCTCTCTCTGACAGTCTGTG,5,0.012048192771084338
GACTGTGAGACAGTCTCTCA,4,0.00963855421686747
TCAGAGAGAGTCTCTGACAG,10,0.024096385542168676
AGACTGACTGAGTGTCACTC,10,0.024096385542168676
AGACACACTCACAGAGTCTG,6,0.014457831325301205
CAGTCACTGACTGTCTGTCT,2,0.004819277108433735
CTGACTGTCAGTGTCAGACA,8,0.01927710843373494
GTCACAGTCTCTCAGTGACA,3,0.007228915662650603
AGACAGTCTCAGTGTGTGTC,1,0.0024096385542168677
ACAGTGAGAGTCACTGAGTG,2,0.004819277108433735
GAGTCTGAGACAGAGTGTGA,7,0.016867469879518072
CACTGTGAGAGAGTGAGAGT,19,0.04578313253012048
ACTGTCAGTCTGTCTGAGTG,34,0.0819277108433735
AGACTCTGAGACTGTCACTG,10,0.024096385542168676
TGAGTGTCAGAGACAGACAC,7,0.016867469879518072
CACTCAGTGACTCTGTCTGA,33,0.07951807228915662
GTGTGAGTCAGACAGTGTCT,3,0.007228915662650603
CAGACAGTCTCAGACTCACT,7,0.016867469879518072
ACTCTCTGAGAGAGAGACTG,2,0.004819277108433735
CTCACACTGTCAGACAGTCA,3,0.007228915662650603
GTCAGTCACAGAGTGTGTCT,4,0.00963855421686747
AGAGTCAGTGACAGAGAGAG,2,0.004819277108433735
GACTCACACTCAGTGTCTCT,15,0.03614457831325301
CACAGACACTCACTGTCAGT,12,0.02891566265060241
CTGTGTGTCTCTGTGTGTGT,36,0.08674698795180723
TGTCACACACACTGTCTGAC,3,0.007228915662650603
GAGACAGTGACAGAGTGTCA,5,0.012048192771084338
TGAGTCTCTCTCAGTGACAC,8,0.01927710843373494
TCAGAGTCACTCTGTCTGTG,15,0.03614457831325301
GACTCTGTCTGTGTGTCTGA,2,0.004819277108433735
