Barcode,Count,Frequency
GTCTCACTCACTCTCTCACA,1,0.08333333333333333
GAGACTGTGTGTGAGAGACT,1,0.08333333333333333
CACTGTGAGAGAGTGAGAGT,5,0.4166666666666667
ACTGTCAGTCTGTCTGAGTG,2,0.16666666666666666
TGTCACACACACTGTCTGAC,1,0.08333333333333333
TGAGTCTCTCTCAGTGACAC,1,0.08333333333333333
TCAGAGTCACTCTGTCTGTG,1,0.08333333333333333
