Barcode,Count,Frequency
CTCTCACACAGTGAGTCTGA,6,0.013921113689095127
ACACTGTCTCTGTCAGACAG,1,0.002320185614849188
CACTCTGTGTGAGACAGTGT,7,0.016241299303944315
AGTCAGAGTCACACTCAGAG,12,0.027842227378190254
AGACAGTGAGTGTGTGTCTG,2,0.004640371229698376
TGTGTCACTCAGTGTGACTC,34,0.07888631090487239
CAGTCAGTGTCTCTCACTCT,10,0.02320185614849188
AGTCTGACTGACAGTGACTG,31,0.07192575406032482
GAGTGTCACACAGAGTGTCT,13,0.030162412993039442
GTGTGACACTGTCAGTCACT,6,0.013921113689095127
CTGTCACACAGTGAGTGTCT,15,0.03480278422273782
GTCAGAGTCAGTGAGAGTGT,9,0.02088167053364269
CAGACTGTCTCTCAGAGTCT,10,0.02320185614849188
ACTGTCAGTCACAGTGTGTG,3,0.0069605568445475635
ACTCAGTGAGAGTGTCTGTG,10,0.02320185614849188
GTGACTCTCTCTCAGTGAGT,8,0.018561484918793503
GAGACTCTCTGTGAGTCTCT,4,0.009280742459396751
GTCTCACAGTCACTCACTCT,2,0.004640371229698376
TCAGTGAGAGAGTGTCAGAC,14,0.03248259860788863
AGTGTCTGTCTGAGTGACTG,22,0.05104408352668213
GTCAGTCTCAGAGTCAGTGT,3,0.0069605568445475635
GACACTCTCTGACTCAGACT,12,0.027842227378190254
TCTGTGACTCTGAGACACAG,17,0.03944315545243619
TGACACAGTGTGTCAGTCAG,2,0.004640371229698376
TGAGTGTCAGTCTCAGTCAG,11,0.025522041763341066
ACTCTCAGTGAGAGACAGAC,5,0.01160092807424594
GTCAGAGTGAGAGTGTGAGT,20,0.04640371229698376
TGTGTGTCAGAGAGAGTGAG,2,0.004640371229698376
AGACTGACAGAGTCTGTCTG,2,0.004640371229698376
GTGAGTCAGTCAGAGAGACA,21,0.048723897911832945
CTGACAGAGACTGTCTGACA,1,0.002320185614849188
AGACAGACACTGAGTCTCAC,22,0.05104408352668213
TGTGACTGTCAGTGTGTGAC,6,0.013921113689095127
GACTCTGAGTGAGTGTCTGA,23,0.05336426914153132
ACACTCTCTGTGTCTGTGTG,21,0.048723897911832945
CACTGACTCTCAGAGAGAGT,8,0.018561484918793503
TGACAGTCTCTGAGACACTG,19,0.04408352668213457
GTCTCTGACAGACAGTCTCT,2,0.004640371229698376
GTGAGAGTGTGACAGTGTGA,10,0.02320185614849188
GTCACAGACTGAGTGTCTGT,5,0.01160092807424594
