Barcode,Count,Frequency
AGTCTGACTGACAGTGACTG,1,0.0016835016835016834
CAGACTGTCTCTCAGAGTCT,1,0.0016835016835016834
ACTCAGTGAGAGTGTCTGTG,1,0.0016835016835016834
GACACTCTCTGACTCAGACT,2,0.003367003367003367
TCTGTGACTCTGAGACACAG,5,0.008417508417508417
TGTGACTGTCAGTGTGTGAC,1,0.0016835016835016834
CACTGACTCTCAGAGAGAGT,1,0.0016835016835016834
