Barcode,Count,Frequency
GAGTGTCACACAGAGTGTCT,1,0.0016835016835016834
ACACTCTCTGTGTCTGTGTG,1,0.0016835016835016834
TGACAGTCTCTGAGACACTG,2,0.003367003367003367
