Barcode,Count,Frequency
AGTCTGACTGACAGTGACTG,1,0.08333333333333333
CAGACTGTCTCTCAGAGTCT,1,0.08333333333333333
ACTCAGTGAGAGTGTCTGTG,1,0.08333333333333333
GACACTCTCTGACTCAGACT,2,0.16666666666666666
TCTGTGACTCTGAGACACAG,5,0.4166666666666667
TGTGACTGTCAGTGTGTGAC,1,0.08333333333333333
CACTGACTCTCAGAGAGAGT,1,0.08333333333333333
