Barcode,Count,Frequency
CAGAGACTGTGTGAGTCTGA,1,0.0016835016835016834
TCAGAGAGAGTCTCTGACAG,2,0.003367003367003367
CTGACTGTCAGTGTCAGACA,1,0.0016835016835016834
