Barcode,Count,Frequency
TGACTGTGTGTCACTGTGTC,5,0.008417508417508417
GAGACAGAGAGAGAGTCTGT,2,0.003367003367003367
GTGTCACACTCAGACTCTCA,12,0.020202020202020204
AGTGTCTCAGAGTGTGTCTG,15,0.025252525252525252
GACAGTCTGTGTGAGAGTGA,12,0.020202020202020204
AGTGAGTCACACTCTGACTC,8,0.013468013468013467
AGAGACTCTGTCTGTGTGTG,13,0.021885521885521887
GTCTCACTCACTCTCTCACA,7,0.011784511784511785
TGAGAGTCACTGTGAGAGTG,11,0.018518518518518517
CTGTCACAGTCACAGTGACA,6,0.010101010101010102
TGACAGAGAGTCAGTGTCTG,7,0.011784511784511785
ACTGAGACAGAGAGTCAGTG,29,0.04882154882154882
CAGAGACTGTGTGAGTCTGA,10,0.016835016835016835
TCTCTCTCTGACAGTCTGTG,5,0.008417508417508417
GACTGTGAGACAGTCTCTCA,4,0.006734006734006734
TCAGAGAGAGTCTCTGACAG,10,0.016835016835016835
AGACTGACTGAGTGTCACTC,10,0.016835016835016835
AGACACACTCACAGAGTCTG,6,0.010101010101010102
CAGTCACTGACTGTCTGTCT,2,0.003367003367003367
CTGACTGTCAGTGTCAGACA,8,0.013468013468013467
GTCACAGTCTCTCAGTGACA,3,0.005050505050505051
AGACAGTCTCAGTGTGTGTC,1,0.0016835016835016834
ACAGTGAGAGTCACTGAGTG,2,0.003367003367003367
GAGTCTGAGACAGAGTGTGA,7,0.011784511784511785
CACTGTGAGAGAGTGAGAGT,19,0.03198653198653199
ACTGTCAGTCTGTCTGAGTG,34,0.05723905723905724
AGACTCTGAGACTGTCACTG,10,0.016835016835016835
TGAGTGTCAGAGACAGACAC,7,0.011784511784511785
CACTCAGTGACTCTGTCTGA,33,0.05555555555555555
GTGTGAGTCAGACAGTGTCT,3,0.005050505050505051
CAGACAGTCTCAGACTCACT,7,0.011784511784511785
ACTCTCTGAGAGAGAGACTG,2,0.003367003367003367
CTCACACTGTCAGACAGTCA,3,0.005050505050505051
GTCAGTCACAGAGTGTGTCT,4,0.006734006734006734
AGAGTCAGTGACAGAGAGAG,2,0.003367003367003367
GACTCACACTCAGTGTCTCT,15,0.025252525252525252
CACAGACACTCACTGTCAGT,12,0.020202020202020204
CTGTGTGTCTCTGTGTGTGT,36,0.06060606060606061
TGTCACACACACTGTCTGAC,3,0.005050505050505051
GAGACAGTGACAGAGTGTCA,5,0.008417508417508417
TGAGTCTCTCTCAGTGACAC,8,0.013468013468013467
TCAGAGTCACTCTGTCTGTG,15,0.025252525252525252
GACTCTGTCTGTGTGTCTGA,2,0.003367003367003367
