Barcode,Count,Frequency
ACTCACAGTCTGACTGACAC,5,0.4166666666666667
GTCTCTGACACTGACTCACA,2,0.16666666666666666
AGTCTGACAGACTGACAGTG,1,0.08333333333333333
GAGTCTGTGTGTCACACAGT,1,0.08333333333333333
GTGTCACTCAGAGAGACTGA,1,0.08333333333333333
AGTGTCTGTGACTGAGACTG,1,0.08333333333333333
ACTCACTCACTGTGTCACTC,1,0.08333333333333333
