Barcode,Count,Frequency
AGTCAGTGAGAGAGAGTGAC,2,0.003367003367003367
GTCAGTGTCAGACTGTCACA,1,0.0016835016835016834
CTCTGACACTGTCACTGTGA,1,0.0016835016835016834
