Barcode,Count,Frequency
ACTCTCTCTCTCACTCTCAG,1,0.0016835016835016834
TGTGAGAGTCTGTCTGAGAG,2,0.003367003367003367
GACACTCTGTCACTCAGTCT,1,0.0016835016835016834
