Barcode,Count,Frequency
AGTGTCTGTCTGAGTGACTG,1,0.0016835016835016834
GTGAGTCAGTCAGAGAGACA,3,0.005050505050505051
TGACAGTCTCTGAGACACTG,1,0.0016835016835016834
