Barcode,Count,Frequency
CACTGACTCTGTGTGTGACA,1,0.0016835016835016834
CACAGACACTGTGTGACTCA,1,0.0016835016835016834
AGTCAGTGAGAGAGAGTGAC,10,0.016835016835016835
CTCTGACACTGTCACTGTGA,5,0.008417508417508417
