Barcode,Count,Frequency
GAGTGTCACACAGAGTGTCT,1,0.0016835016835016834
GTGAGTCAGTCAGAGAGACA,10,0.016835016835016835
TGTGACTGTCAGTGTGTGAC,1,0.0016835016835016834
TGACAGTCTCTGAGACACTG,5,0.008417508417508417
