Barcode,Count,Frequency
TGACTGTGTGTCACTGTGTC,1,0.0016835016835016834
GTGTCACACTCAGACTCTCA,15,0.025252525252525252
TGAGAGTCACTGTGAGAGTG,1,0.0016835016835016834
