Barcode,Count,Frequency
GTGTCACACTCAGACTCTCA,8,0.013468013468013467
TGAGAGTCACTGTGAGAGTG,1,0.0016835016835016834
ACTGTCAGTCTGTCTGAGTG,1,0.0016835016835016834
