Barcode,Count,Frequency
AGTCAGAGTCACACTCAGAG,1,0.0016835016835016834
GACACTCTCTGACTCAGACT,1,0.0016835016835016834
GTGAGTCAGTCAGAGAGACA,2,0.003367003367003367
TGACAGTCTCTGAGACACTG,6,0.010101010101010102
