Barcode,Count,Frequency
GTCTCTGACACTGACTCACA,1,0.0016835016835016834
AGTCAGTGAGAGAGAGTGAC,2,0.003367003367003367
CTCTGACACTGTCACTGTGA,6,0.010101010101010102
TCACACAGACAGAGACTCTG,1,0.0016835016835016834
