Barcode,Count,Frequency
GTCTGTGTCTGACTCTCAGT,1,0.0016835016835016834
GTGTCACACTCAGACTCTCA,4,0.006734006734006734
CTGACTGTCAGTGTCAGACA,1,0.0016835016835016834
ACTGTCAGTCTGTCTGAGTG,1,0.0016835016835016834
