Barcode,Count,Frequency
CAGTCAGTGTCTCTCACTCT,1,0.0016835016835016834
GTGAGTCAGTCAGAGAGACA,1,0.0016835016835016834
CTGACAGAGACTGTCTGACA,1,0.0016835016835016834
ACACTCTCTGTGTCTGTGTG,1,0.0016835016835016834
TGACAGTCTCTGAGACACTG,3,0.005050505050505051
