Barcode,Count,Frequency
AGTCAGTGAGAGAGAGTGAC,1,0.0016835016835016834
GTCACTGACAGTGAGTCTGA,1,0.0016835016835016834
CTCTGACACTGTCACTGTGA,3,0.005050505050505051
AGTGTCACAGTGACACTCAC,1,0.0016835016835016834
GTCTCTCTCTCTGTCTCTCT,1,0.0016835016835016834
GACACTCTGTCACTCAGTCT,1,0.0016835016835016834
