Barcode,Count,Frequency
AGTCAGAGTCACACTCAGAG,11,0.018518518518518517
AGTCTGACTGACAGTGACTG,2,0.003367003367003367
GAGTGTCACACAGAGTGTCT,1,0.0016835016835016834
GTCAGAGTCAGTGAGAGTGT,2,0.003367003367003367
ACTCAGTGAGAGTGTCTGTG,2,0.003367003367003367
TGAGTGTCAGTCTCAGTCAG,1,0.0016835016835016834
GTGAGTCAGTCAGAGAGACA,98,0.16498316498316498
CTGACAGAGACTGTCTGACA,2,0.003367003367003367
TGTGACTGTCAGTGTGTGAC,4,0.006734006734006734
GACTCTGAGTGAGTGTCTGA,1,0.0016835016835016834
ACACTCTCTGTGTCTGTGTG,4,0.006734006734006734
TGACAGTCTCTGAGACACTG,117,0.19696969696969696
GTCACAGACTGAGTGTCTGT,1,0.0016835016835016834
