Barcode,Count,Frequency
CAGACTGTGACTGTCTCTGT,1,0.0016835016835016834
CACTGACTGACTGTGTGTGT,2,0.003367003367003367
CTCAGTGAGTGTCAGAGTCT,1,0.0016835016835016834
CACTGACTCTGTGTGTGACA,4,0.006734006734006734
AGTCAGTGAGAGAGAGTGAC,97,0.1632996632996633
TGTGAGAGTCTCACACTCAG,2,0.003367003367003367
TGTGTGTCTCTGTGTGTGAG,1,0.0016835016835016834
CTCTCAGACACAGTGTCAGA,2,0.003367003367003367
ACTCAGACAGACTCACTCAC,2,0.003367003367003367
CTCTGACACTGTCACTGTGA,115,0.1936026936026936
TCTCAGTGTCTGACTCTCAG,4,0.006734006734006734
GTCTCACTGACTCTGTCACA,1,0.0016835016835016834
TCACACAGACAGAGACTCTG,10,0.016835016835016835
CTGTCTGTCTCTCTGAGACA,1,0.0016835016835016834
