Barcode,Count,Frequency
GTGTCACACTCAGACTCTCA,213,0.35858585858585856
AGTGTCTCAGAGTGTGTCTG,2,0.003367003367003367
GACAGTCTGTGTGAGAGTGA,2,0.003367003367003367
TGAGAGTCACTGTGAGAGTG,15,0.025252525252525252
CAGAGACTGTGTGAGTCTGA,1,0.0016835016835016834
TCAGAGACACTCTGTCTCTC,3,0.005050505050505051
GTCACAGTCTCTCAGTGACA,4,0.006734006734006734
ACTGTCAGTCTGTCTGAGTG,3,0.005050505050505051
GACTCACACTCAGTGTCTCT,1,0.0016835016835016834
CTGTGTGTCTCTGTGTGTGT,2,0.003367003367003367
GACTCTGTCTGTGTGTCTGA,1,0.0016835016835016834
