Barcode,Count,Frequency
TGAGACTCACTGACTGTCAC,10,0.016835016835016835
ACTGAGAGTCTGTCTCTCAC,1,0.0016835016835016834
AGTCAGTGAGAGAGAGTGAC,465,0.7828282828282829
GTCACTGTCACTGAGACTCT,8,0.013468013468013467
CACTCAGTGAGTGTGTCACT,5,0.008417508417508417
ACAGTCTGTCTGTGACACTG,5,0.008417508417508417
CTCTGACACTGTCACTGTGA,439,0.7390572390572391
TGTCTGAGTCTCACTGTCTC,5,0.008417508417508417
TCACACAGACAGAGACTCTG,30,0.050505050505050504
TCTGAGTCAGACTCACTGAG,12,0.020202020202020204
GTCACTGTCTGAGTGACAGA,5,0.008417508417508417
GACACTCTGTCACTCAGTCT,13,0.021885521885521887
TCACTCAGTGACAGTCTCTC,7,0.011784511784511785
