Barcode,Count,Frequency
TGACTGTGTGTCACTGTGTC,8,0.013468013468013467
GTGTCACACTCAGACTCTCA,905,1.5235690235690236
AGAGACTCTGTCTGTGTGTG,12,0.020202020202020204
TGAGAGTCACTGTGAGAGTG,30,0.050505050505050504
TCTCTCTCTGACAGTCTGTG,5,0.008417508417508417
GACTGTGAGACAGTCTCTCA,5,0.008417508417508417
AGACACACTCACAGAGTCTG,5,0.008417508417508417
CTGACTGTCAGTGTCAGACA,13,0.021885521885521887
ACTCTCTGAGAGAGAGACTG,1,0.0016835016835016834
TCAGAGTCACTCTGTCTGTG,5,0.008417508417508417
