Barcode,Count,Frequency
CAGAGACAGAGTCTGTCACT,11,0.018518518518518517
AGTCAGAGTCACACTCAGAG,30,0.050505050505050504
TGTGTCACTCAGTGTGACTC,4,0.006734006734006734
ACTCTCAGTGAGAGACAGAC,5,0.008417508417508417
GTGAGTCAGTCAGAGAGACA,477,0.803030303030303
GACTCTGAGTGAGTGTCTGA,18,0.030303030303030304
ACACTCTCTGTGTCTGTGTG,14,0.02356902356902357
CACTGACTCTCAGAGAGAGT,5,0.008417508417508417
TGACAGTCTCTGAGACACTG,442,0.7441077441077442
