Barcode,Count,Frequency
AGTCAGAGTCACACTCAGAG,7,0.011784511784511785
AGTCTGACTGACAGTGACTG,9,0.015151515151515152
GAGTGTCACACAGAGTGTCT,4,0.006734006734006734
CTGTCACACAGTGAGTGTCT,1,0.0016835016835016834
TGAGTGTCAGTCTCAGTCAG,3,0.005050505050505051
GTCAGAGTGAGAGTGTGAGT,3,0.005050505050505051
GTGAGTCAGTCAGAGAGACA,123,0.20707070707070707
CACTCAGTGACTCTGACTCA,2,0.003367003367003367
TGTGACTGTCAGTGTGTGAC,1,0.0016835016835016834
GACTCTGAGTGAGTGTCTGA,3,0.005050505050505051
TGACAGTCTCTGAGACACTG,133,0.2239057239057239
