Barcode,Count,Frequency
GTCTCTGACACTGACTCACA,2,0.003367003367003367
GTGAGTGAGTGACACTCTCA,3,0.005050505050505051
AGTCAGTGAGAGAGAGTGAC,123,0.20707070707070707
CACTCACACTCACACAGTCA,1,0.0016835016835016834
CAGAGTCTCACTGTGTGACA,1,0.0016835016835016834
GTGTCACTCAGAGAGACTGA,3,0.005050505050505051
CTCACACTCACTGTCAGTCA,2,0.003367003367003367
TGTCACTGACTGTCACACTC,2,0.003367003367003367
CTCTGACACTGTCACTGTGA,135,0.22727272727272727
GTCTCACTGACTCTGTCACA,3,0.005050505050505051
ACTCTCTCTCTCACTCTCAG,3,0.005050505050505051
GACAGTGAGAGAGTCTCTCT,1,0.0016835016835016834
TGAGACTCACTCTCTCAGAG,1,0.0016835016835016834
TCACACAGACAGAGACTCTG,7,0.011784511784511785
