Barcode,Count,Frequency
GTGTCACACTCAGACTCTCA,258,0.43434343434343436
AGTGAGTCACACTCTGACTC,2,0.003367003367003367
AGAGACTCTGTCTGTGTGTG,2,0.003367003367003367
TGAGAGTCACTGTGAGAGTG,7,0.011784511784511785
CAGAGACTGTGTGAGTCTGA,4,0.006734006734006734
GAGACTGTGTGTGAGAGACT,3,0.005050505050505051
TCAGAGACACTCTGTCTCTC,3,0.005050505050505051
TCAGAGAGAGTCTCTGACAG,1,0.0016835016835016834
CACTGTGAGAGAGTGAGAGT,3,0.005050505050505051
ACTGTCAGTCTGTCTGAGTG,2,0.003367003367003367
CTGTGTGTCTCTGTGTGTGT,6,0.010101010101010102
TGTCACACACACTGTCTGAC,1,0.0016835016835016834
