Barcode,Count,Frequency
CACTGTCACACACTGACACT,18,0.030303030303030304
CTCTCACACAGTGAGTCTGA,4,0.006734006734006734
CACTCTGTGTGAGACAGTGT,51,0.08585858585858586
AGTCAGAGTCACACTCAGAG,37,0.06228956228956229
AGACAGTGAGTGTGTGTCTG,5,0.008417508417508417
TGTGTCACTCAGTGTGACTC,205,0.3451178451178451
CAGTCAGTGTCTCTCACTCT,23,0.03872053872053872
AGTCTGACTGACAGTGACTG,203,0.34175084175084175
GAGTGTCACACAGAGTGTCT,9,0.015151515151515152
GTGTGACACTGTCAGTCACT,65,0.10942760942760943
CTGTCACACAGTGAGTGTCT,134,0.2255892255892256
GTCAGAGTCAGTGAGAGTGT,3,0.005050505050505051
CAGACTGTCTCTCAGAGTCT,60,0.10101010101010101
ACTGTCAGTCACAGTGTGTG,55,0.09259259259259259
ACTCAGTGAGAGTGTCTGTG,20,0.03367003367003367
GTGACTCTCTCTCAGTGAGT,25,0.04208754208754209
TGAGACTGACTGACTGAGTC,1,0.0016835016835016834
GAGACTCTCTGTGAGTCTCT,4,0.006734006734006734
CACACACTCTGACAGTCTCT,9,0.015151515151515152
GTCTCACAGTCACTCACTCT,14,0.02356902356902357
AGTGACACTCTCTGACAGAC,2,0.003367003367003367
CTGTCAGTGACTGTCTCAGA,21,0.03535353535353535
TCAGTGAGAGAGTGTCAGAC,12,0.020202020202020204
AGTGTCTGTCTGAGTGACTG,168,0.2828282828282828
GTCAGTCTCAGAGTCAGTGT,8,0.013468013468013467
GACACTCTCTGACTCAGACT,77,0.12962962962962962
TCTGTGACTCTGAGACACAG,28,0.04713804713804714
TGAGTGTCAGTCTCAGTCAG,28,0.04713804713804714
ACTCTCAGTGAGAGACAGAC,18,0.030303030303030304
GTCAGAGTGAGAGTGTGAGT,42,0.0707070707070707
TGTGTGTCAGAGAGAGTGAG,6,0.010101010101010102
AGACTGACAGAGTCTGTCTG,6,0.010101010101010102
GTGAGTCAGTCAGAGAGACA,42,0.0707070707070707
CTGACAGAGACTGTCTGACA,3,0.005050505050505051
AGACAGACACTGAGTCTCAC,320,0.5387205387205387
TGTGACTCTGTGTGAGTCAC,6,0.010101010101010102
CACTCAGTGACTCTGACTCA,51,0.08585858585858586
TGTGACTGTCAGTGTGTGAC,46,0.07744107744107744
GACTCTGAGTGAGTGTCTGA,164,0.2760942760942761
ACACTCTCTGTGTCTGTGTG,116,0.19528619528619529
CACTGACTCTCAGAGAGAGT,83,0.13973063973063973
TGACAGTCTCTGAGACACTG,177,0.29797979797979796
GTGAGAGTGTGACAGTGTGA,29,0.04882154882154882
GTCACAGACTGAGTGTCTGT,9,0.015151515151515152
CACACACTCACTCACACACA,20,0.03367003367003367
