Barcode,Count,Frequency
CACTGTCACACACTGACACT,1173,1.9747474747474747
CTGTGAGTGTGAGAGACACT,3,0.005050505050505051
CTCTCACACAGTGAGTCTGA,4,0.006734006734006734
ACACTGTCTCTGTCAGACAG,3,0.005050505050505051
CACTCTGTGTGAGACAGTGT,4428,7.454545454545454
AGTCAGAGTCACACTCAGAG,1858,3.127946127946128
AGACAGTGAGTGTGTGTCTG,642,1.0808080808080809
TGTGTCACTCAGTGTGACTC,15694,26.420875420875422
CAGTCAGTGTCTCTCACTCT,2280,3.8383838383838382
AGTCTGACTGACAGTGACTG,19330,32.54208754208754
GAGTGTCACACAGAGTGTCT,20,0.03367003367003367
GTGTGACACTGTCAGTCACT,6356,10.7003367003367
CTGTCACACAGTGAGTGTCT,12343,20.77946127946128
GTCAGAGTCAGTGAGAGTGT,6,0.010101010101010102
CAGACTGTCTCTCAGAGTCT,5530,9.30976430976431
ACTGTCAGTCACAGTGTGTG,6952,11.703703703703704
ACTCAGTGAGAGTGTCTGTG,15,0.025252525252525252
GTGACTCTCTCTCAGTGAGT,2741,4.614478114478114
TGAGACTGACTGACTGAGTC,2,0.003367003367003367
GAGACTCTCTGTGAGTCTCT,3,0.005050505050505051
CACACACTCTGACAGTCTCT,830,1.3973063973063973
GTCTCACAGTCACTCACTCT,1462,2.461279461279461
CTGTCAGTGACTGTCTCAGA,2098,3.531986531986532
TCAGTGAGAGAGTGTCAGAC,808,1.3602693602693603
AGTGTCTGTCTGAGTGACTG,16293,27.42929292929293
GTCAGTCTCAGAGTCAGTGT,1578,2.6565656565656566
GACACTCTCTGACTCAGACT,4631,7.796296296296297
TCTGTGACTCTGAGACACAG,2422,4.077441077441078
TGACACAGTGTGTCAGTCAG,1,0.0016835016835016834
TGAGTGTCAGTCTCAGTCAG,1872,3.1515151515151514
ACTCTCAGTGAGAGACAGAC,1704,2.8686868686868685
GTCAGAGTGAGAGTGTGAGT,4230,7.121212121212121
TGTGTGTCAGAGAGAGTGAG,853,1.436026936026936
AGACTGACAGAGTCTGTCTG,791,1.3316498316498318
GTGAGTCAGTCAGAGAGACA,3741,6.297979797979798
CTGACAGAGACTGTCTGACA,5,0.008417508417508417
AGACAGACACTGAGTCTCAC,43769,73.68518518518519
TGTGACTCTGTGTGAGTCAC,499,0.8400673400673401
CACTCAGTGACTCTGACTCA,6376,10.734006734006734
TGTGACTGTCAGTGTGTGAC,5271,8.873737373737374
GACTCTGAGTGAGTGTCTGA,13672,23.016835016835017
ACACTCTCTGTGTCTGTGTG,12954,21.80808080808081
CACTGACTCTCAGAGAGAGT,10855,18.274410774410775
TGACAGTCTCTGAGACACTG,13007,21.897306397306398
GTCTCTGACAGACAGTCTCT,17,0.02861952861952862
GTGAGAGTGTGACAGTGTGA,1847,3.1094276094276094
GTCACAGACTGAGTGTCTGT,1016,1.7104377104377104
CACACACTCACTCACACACA,2478,4.171717171717172
