Barcode,Count,Frequency
GTCTGTGTCTGACTCTCAGT,869,1.462962962962963
TGACTGTGTGTCACTGTGTC,5,0.008417508417508417
GAGACAGAGAGAGAGTCTGT,878,1.4781144781144782
GACAGAGTCTGAGTGTCACA,6,0.010101010101010102
GTGTCACACTCAGACTCTCA,1289,2.17003367003367
AGTGTCTCAGAGTGTGTCTG,19,0.03198653198653199
GTGAGTCACAGACAGAGTGA,1053,1.7727272727272727
GACAGTCTGTGTGAGAGTGA,2227,3.749158249158249
AGTGAGTCACACTCTGACTC,1218,2.0505050505050506
AGAGACTCTGTCTGTGTGTG,2378,4.0033670033670035
GTCTCACTCACTCTCTCACA,11,0.018518518518518517
TGAGAGTCACTGTGAGAGTG,2664,4.484848484848484
CTGTCACAGTCACAGTGACA,593,0.9983164983164983
TGACAGAGAGTCAGTGTCTG,1179,1.9848484848484849
ACTGAGACAGAGAGTCAGTG,18009,30.318181818181817
CAGAGACTGTGTGAGTCTGA,891,1.5
TCTCTCTCTGACAGTCTGTG,3226,5.430976430976431
GACTGTGAGACAGTCTCTCA,271,0.4562289562289562
CAGTCTGTCAGACTGAGAGT,744,1.2525252525252526
TCAGAGAGAGTCTCTGACAG,10333,17.395622895622896
AGACTGACTGAGTGTCACTC,1868,3.144781144781145
AGACACACTCACAGAGTCTG,4808,8.094276094276093
CAGTCACTGACTGTCTGTCT,390,0.6565656565656566
CTGACTGTCAGTGTCAGACA,9742,16.4006734006734
GTCACAGTCTCTCAGTGACA,12460,20.976430976430976
AGACAGTCTCAGTGTGTGTC,3,0.005050505050505051
ACAGTGAGAGTCACTGAGTG,3,0.005050505050505051
GAGTCTGAGACAGAGTGTGA,2109,3.5505050505050506
CACTGTGAGAGAGTGAGAGT,2195,3.6952861952861955
ACTGTCAGTCTGTCTGAGTG,17720,29.83164983164983
ACAGACTGTCAGTCAGAGTC,7226,12.164983164983164
AGACTCTGAGACTGTCACTG,4985,8.392255892255893
CACTCAGTGACTCTGTCTGA,16909,28.466329966329965
GTGTGAGTCAGACAGTGTCT,2180,3.67003367003367
CAGACAGTCTCAGACTCACT,12390,20.858585858585858
ACTCTCTGAGAGAGAGACTG,773,1.3013468013468013
GTCAGTCACAGAGTGTGTCT,3,0.005050505050505051
GACTCACACTCAGTGTCTCT,9373,15.77946127946128
CACAGACACTCACTGTCAGT,5591,9.412457912457912
CTGTGTGTCTCTGTGTGTGT,11550,19.444444444444443
TGTCACACACACTGTCTGAC,2448,4.121212121212121
GAGACAGTGACAGAGTGTCA,36812,61.97306397306397
TGAGTCTCTCTCAGTGACAC,214,0.3602693602693603
TCAGAGTCACTCTGTCTGTG,14964,25.19191919191919
GACTCTGTCTGTGTGTCTGA,1269,2.1363636363636362
