Barcode,Count,Frequency
GTCTGTGTCTGACTCTCAGT,1,0.0016835016835016834
TGACTGTGTGTCACTGTGTC,2,0.003367003367003367
GAGACAGAGAGAGAGTCTGT,11,0.018518518518518517
GACAGAGTCTGAGTGTCACA,2,0.003367003367003367
GTGTCACACTCAGACTCTCA,19,0.03198653198653199
AGTGTCTCAGAGTGTGTCTG,1,0.0016835016835016834
GTGAGTCACAGACAGAGTGA,6,0.010101010101010102
GACAGTCTGTGTGAGAGTGA,27,0.045454545454545456
AGTGAGTCACACTCTGACTC,21,0.03535353535353535
AGAGACTCTGTCTGTGTGTG,19,0.03198653198653199
GTCTCACTCACTCTCTCACA,3,0.005050505050505051
TGAGAGTCACTGTGAGAGTG,20,0.03367003367003367
CTGTCACAGTCACAGTGACA,8,0.013468013468013467
TGACAGAGAGTCAGTGTCTG,15,0.025252525252525252
ACTGAGACAGAGAGTCAGTG,220,0.37037037037037035
CAGAGACTGTGTGAGTCTGA,14,0.02356902356902357
TCTCTCTCTGACAGTCTGTG,33,0.05555555555555555
GACTGTGAGACAGTCTCTCA,3,0.005050505050505051
CAGTCTGTCAGACTGAGAGT,9,0.015151515151515152
TCAGAGAGAGTCTCTGACAG,108,0.18181818181818182
AGACTGACTGAGTGTCACTC,22,0.037037037037037035
AGACACACTCACAGAGTCTG,50,0.08417508417508418
CAGTCACTGACTGTCTGTCT,5,0.008417508417508417
CTGACTGTCAGTGTCAGACA,72,0.12121212121212122
GTCACAGTCTCTCAGTGACA,124,0.20875420875420875
AGACAGTCTCAGTGTGTGTC,6,0.010101010101010102
ACAGTGAGAGTCACTGAGTG,2,0.003367003367003367
GAGTCTGAGACAGAGTGTGA,22,0.037037037037037035
CACTGTGAGAGAGTGAGAGT,23,0.03872053872053872
ACTGTCAGTCTGTCTGAGTG,196,0.32996632996632996
ACAGACTGTCAGTCAGAGTC,75,0.12626262626262627
AGACTCTGAGACTGTCACTG,44,0.07407407407407407
CACTCAGTGACTCTGTCTGA,214,0.3602693602693603
GTGTGAGTCAGACAGTGTCT,33,0.05555555555555555
CAGACAGTCTCAGACTCACT,98,0.16498316498316498
ACTCTCTGAGAGAGAGACTG,8,0.013468013468013467
GTCAGTCACAGAGTGTGTCT,2,0.003367003367003367
GACTCACACTCAGTGTCTCT,115,0.1936026936026936
CACAGACACTCACTGTCAGT,57,0.09595959595959595
CTGTGTGTCTCTGTGTGTGT,107,0.18013468013468015
TGTCACACACACTGTCTGAC,26,0.04377104377104377
GAGACAGTGACAGAGTGTCA,254,0.4276094276094276
TGAGTCTCTCTCAGTGACAC,2,0.003367003367003367
TCAGAGTCACTCTGTCTGTG,161,0.27104377104377103
GACTCTGTCTGTGTGTCTGA,17,0.02861952861952862
