Barcode,Count,Frequency
GTCTGTGTCTGACTCTCAGT,9,0.015151515151515152
TGACTGTGTGTCACTGTGTC,658,1.1077441077441077
GAGACAGAGAGAGAGTCTGT,222,0.37373737373737376
GACTGAGAGAGACACTCTGA,4,0.006734006734006734
GACAGAGTCTGAGTGTCACA,938,1.5791245791245792
GTGTCACACTCAGACTCTCA,1702,2.8653198653198655
AGTGTCTCAGAGTGTGTCTG,1996,3.3602693602693603
GTGAGTCACAGACAGAGTGA,736,1.239057239057239
GACAGTCTGTGTGAGAGTGA,3082,5.188552188552189
AGTGAGTCACACTCTGACTC,2151,3.621212121212121
AGAGACTCTGTCTGTGTGTG,226,0.38047138047138046
GTCTCACTCACTCTCTCACA,1704,2.8686868686868685
TGAGAGTCACTGTGAGAGTG,384,0.6464646464646465
CTGTCACAGTCACAGTGACA,575,0.968013468013468
TGACAGAGAGTCAGTGTCTG,19,0.03198653198653199
ACTGAGACAGAGAGTCAGTG,14003,23.574074074074073
CAGAGACTGTGTGAGTCTGA,3138,5.282828282828283
TCTCTCTCTGACAGTCTGTG,567,0.9545454545454546
GACTGTGAGACAGTCTCTCA,4,0.006734006734006734
TCAGAGACACTCTGTCTCTC,613,1.031986531986532
CAGTCTGTCAGACTGAGAGT,15,0.025252525252525252
TCAGAGAGAGTCTCTGACAG,4978,8.38047138047138
AGACTGACTGAGTGTCACTC,3687,6.207070707070707
AGACACACTCACAGAGTCTG,4667,7.856902356902357
CAGTCACTGACTGTCTGTCT,6,0.010101010101010102
CTGACTGTCAGTGTCAGACA,1109,1.867003367003367
GTCACAGTCTCTCAGTGACA,2830,4.764309764309765
AGACAGTCTCAGTGTGTGTC,1180,1.9865319865319866
ACAGTGAGAGTCACTGAGTG,1591,2.6784511784511786
GAGTCTGAGACAGAGTGTGA,2656,4.4713804713804715
CACTGTGAGAGAGTGAGAGT,2890,4.865319865319865
ACTGTCAGTCTGTCTGAGTG,18251,30.725589225589225
ACAGACTGTCAGTCAGAGTC,665,1.1195286195286196
AGACTCTGAGACTGTCACTG,87,0.14646464646464646
CACTCAGTGACTCTGTCTGA,14078,23.7003367003367
GTGTGAGTCAGACAGTGTCT,1529,2.574074074074074
CAGACAGTCTCAGACTCACT,3215,5.412457912457913
ACTCTCTGAGAGAGAGACTG,1420,2.3905723905723906
GTCAGTCACAGAGTGTGTCT,616,1.037037037037037
AGAGTCAGTGACAGAGAGAG,45,0.07575757575757576
GACTCACACTCAGTGTCTCT,7790,13.114478114478114
CACAGACACTCACTGTCAGT,3914,6.589225589225589
CTGTGTGTCTCTGTGTGTGT,7729,13.011784511784512
TGTCACACACACTGTCTGAC,42,0.0707070707070707
GAGACAGTGACAGAGTGTCA,3787,6.375420875420875
TGAGTCTCTCTCAGTGACAC,3,0.005050505050505051
TCAGAGTCACTCTGTCTGTG,6247,10.516835016835017
GACTCTGTCTGTGTGTCTGA,1753,2.951178451178451
