Barcode,Count,Frequency
CACTGTCACACACTGACACT,1276,2.1481481481481484
CTGTGAGTGTGAGAGACACT,323,0.5437710437710438
CTCTCACACAGTGAGTCTGA,810,1.3636363636363635
CAGAGACAGAGTCTGTCACT,77,0.12962962962962962
ACACTGTCTCTGTCAGACAG,581,0.9781144781144782
CACTCTGTGTGAGACAGTGT,397,0.6683501683501684
AGTCAGAGTCACACTCAGAG,5115,8.61111111111111
AGACAGTGAGTGTGTGTCTG,860,1.4478114478114479
TGTGTCACTCAGTGTGACTC,10651,17.930976430976433
CAGTCAGTGTCTCTCACTCT,2128,3.5824915824915826
AGTCTGACTGACAGTGACTG,13058,21.983164983164983
GAGTGTCACACAGAGTGTCT,4476,7.5353535353535355
GTGTGACACTGTCAGTCACT,2830,4.764309764309765
CTGTCACACAGTGAGTGTCT,5015,8.442760942760943
GTCAGAGTCAGTGAGAGTGT,1456,2.451178451178451
CAGACTGTCTCTCAGAGTCT,7037,11.846801346801346
ACTGTCAGTCACAGTGTGTG,1967,3.3114478114478114
ACTCAGTGAGAGTGTCTGTG,4880,8.215488215488216
GTGACTCTCTCTCAGTGAGT,993,1.6717171717171717
TGAGACTGACTGACTGAGTC,710,1.1952861952861953
GAGACTCTCTGTGAGTCTCT,785,1.3215488215488216
CACACACTCTGACAGTCTCT,208,0.3501683501683502
GTCTCACAGTCACTCACTCT,449,0.7558922558922558
AGTGACACTCTCTGACAGAC,169,0.2845117845117845
CTGTCAGTGACTGTCTCAGA,37,0.06228956228956229
TCAGTGAGAGAGTGTCAGAC,3162,5.3232323232323235
AGTGTCTGTCTGAGTGACTG,4372,7.36026936026936
GTCAGTCTCAGAGTCAGTGT,824,1.387205387205387
GACACTCTCTGACTCAGACT,11848,19.946127946127945
TCTGTGACTCTGAGACACAG,4589,7.725589225589226
TGACACAGTGTGTCAGTCAG,668,1.1245791245791246
TGAGTGTCAGTCTCAGTCAG,4811,8.099326599326599
ACTCTCAGTGAGAGACAGAC,1849,3.112794612794613
GTCAGAGTGAGAGTGTGAGT,3599,6.058922558922559
TGTGTGTCAGAGAGAGTGAG,382,0.6430976430976431
AGACTGACAGAGTCTGTCTG,18,0.030303030303030304
GTGAGTCAGTCAGAGAGACA,1740,2.9292929292929295
CTGACAGAGACTGTCTGACA,1240,2.0875420875420874
AGACAGACACTGAGTCTCAC,2345,3.9478114478114477
TGTGACTCTGTGTGAGTCAC,196,0.32996632996632996
CACTCAGTGACTCTGACTCA,1079,1.8164983164983164
TGTGACTGTCAGTGTGTGAC,1975,3.324915824915825
GACTCTGAGTGAGTGTCTGA,6708,11.292929292929292
ACACTCTCTGTGTCTGTGTG,2465,4.14983164983165
CACTGACTCTCAGAGAGAGT,3050,5.134680134680135
TGACAGTCTCTGAGACACTG,3252,5.474747474747475
GTGAGAGTGTGACAGTGTGA,4134,6.959595959595959
GTCACAGACTGAGTGTCTGT,48,0.08080808080808081
CACACACTCACTCACACACA,1189,2.0016835016835017
