Barcode,Count,Frequency
GTCTGTGTCTGACTCTCAGT,8,0.013468013468013467
TGACTGTGTGTCACTGTGTC,5,0.008417508417508417
GAGACAGAGAGAGAGTCTGT,18,0.030303030303030304
GACAGAGTCTGAGTGTCACA,4,0.006734006734006734
GTGTCACACTCAGACTCTCA,39,0.06565656565656566
AGTGTCTCAGAGTGTGTCTG,12,0.020202020202020204
GTGAGTCACAGACAGAGTGA,25,0.04208754208754209
GACAGTCTGTGTGAGAGTGA,42,0.0707070707070707
AGTGAGTCACACTCTGACTC,35,0.058922558922558925
AGAGACTCTGTCTGTGTGTG,40,0.06734006734006734
GTCTCACTCACTCTCTCACA,3,0.005050505050505051
TGAGAGTCACTGTGAGAGTG,70,0.11784511784511785
CTGTCACAGTCACAGTGACA,15,0.025252525252525252
TGACAGAGAGTCAGTGTCTG,23,0.03872053872053872
ACTGAGACAGAGAGTCAGTG,446,0.7508417508417509
CAGAGACTGTGTGAGTCTGA,38,0.06397306397306397
TCTCTCTCTGACAGTCTGTG,76,0.12794612794612795
GACTGTGAGACAGTCTCTCA,5,0.008417508417508417
TCAGAGACACTCTGTCTCTC,3,0.005050505050505051
CAGTCTGTCAGACTGAGAGT,15,0.025252525252525252
TCAGAGAGAGTCTCTGACAG,240,0.40404040404040403
AGACTGACTGAGTGTCACTC,52,0.08754208754208755
AGACACACTCACAGAGTCTG,140,0.2356902356902357
CAGTCACTGACTGTCTGTCT,6,0.010101010101010102
CTGACTGTCAGTGTCAGACA,188,0.3164983164983165
GTCACAGTCTCTCAGTGACA,261,0.4393939393939394
AGACAGTCTCAGTGTGTGTC,5,0.008417508417508417
ACAGTGAGAGTCACTGAGTG,8,0.013468013468013467
GAGTCTGAGACAGAGTGTGA,53,0.08922558922558922
CACTGTGAGAGAGTGAGAGT,40,0.06734006734006734
ACTGTCAGTCTGTCTGAGTG,469,0.7895622895622896
ACAGACTGTCAGTCAGAGTC,171,0.2878787878787879
AGACTCTGAGACTGTCACTG,88,0.14814814814814814
CACTCAGTGACTCTGTCTGA,399,0.6717171717171717
GTGTGAGTCAGACAGTGTCT,58,0.09764309764309764
CAGACAGTCTCAGACTCACT,263,0.44276094276094274
ACTCTCTGAGAGAGAGACTG,14,0.02356902356902357
GTCAGTCACAGAGTGTGTCT,4,0.006734006734006734
GACTCACACTCAGTGTCTCT,228,0.3838383838383838
CACAGACACTCACTGTCAGT,152,0.2558922558922559
CTGTGTGTCTCTGTGTGTGT,249,0.41919191919191917
TGTCACACACACTGTCTGAC,46,0.07744107744107744
GAGACAGTGACAGAGTGTCA,678,1.1414141414141414
TGAGTCTCTCTCAGTGACAC,9,0.015151515151515152
TCAGAGTCACTCTGTCTGTG,330,0.5555555555555556
GACTCTGTCTGTGTGTCTGA,25,0.04208754208754209
