Barcode,Count,Frequency
CACTGTCACACACTGACACT,19,0.03198653198653199
CTGTGAGTGTGAGAGACACT,2,0.003367003367003367
CTCTCACACAGTGAGTCTGA,3,0.005050505050505051
ACACTGTCTCTGTCAGACAG,5,0.008417508417508417
CACTCTGTGTGAGACAGTGT,90,0.15151515151515152
AGTCAGAGTCACACTCAGAG,75,0.12626262626262627
AGACAGTGAGTGTGTGTCTG,17,0.02861952861952862
TGTGTCACTCAGTGTGACTC,403,0.6784511784511784
CAGTCAGTGTCTCTCACTCT,63,0.10606060606060606
AGTCTGACTGACAGTGACTG,435,0.7323232323232324
GAGTGTCACACAGAGTGTCT,32,0.05387205387205387
GTGTGACACTGTCAGTCACT,140,0.2356902356902357
CTGTCACACAGTGAGTGTCT,287,0.4831649831649832
GTCAGAGTCAGTGAGAGTGT,7,0.011784511784511785
CAGACTGTCTCTCAGAGTCT,154,0.25925925925925924
ACTGTCAGTCACAGTGTGTG,131,0.22053872053872053
ACTCAGTGAGAGTGTCTGTG,18,0.030303030303030304
GTGACTCTCTCTCAGTGAGT,55,0.09259259259259259
TGAGACTGACTGACTGAGTC,1,0.0016835016835016834
GAGACTCTCTGTGAGTCTCT,6,0.010101010101010102
CACACACTCTGACAGTCTCT,16,0.026936026936026935
GTCTCACAGTCACTCACTCT,36,0.06060606060606061
CTGTCAGTGACTGTCTCAGA,38,0.06397306397306397
TCAGTGAGAGAGTGTCAGAC,34,0.05723905723905724
AGTGTCTGTCTGAGTGACTG,333,0.5606060606060606
GTCAGTCTCAGAGTCAGTGT,31,0.05218855218855219
GACACTCTCTGACTCAGACT,171,0.2878787878787879
TCTGTGACTCTGAGACACAG,72,0.12121212121212122
TGACACAGTGTGTCAGTCAG,2,0.003367003367003367
TGAGTGTCAGTCTCAGTCAG,76,0.12794612794612795
ACTCTCAGTGAGAGACAGAC,45,0.07575757575757576
GTCAGAGTGAGAGTGTGAGT,92,0.15488215488215487
TGTGTGTCAGAGAGAGTGAG,11,0.018518518518518517
AGACTGACAGAGTCTGTCTG,19,0.03198653198653199
GTGAGTCAGTCAGAGAGACA,82,0.13804713804713806
CTGACAGAGACTGTCTGACA,7,0.011784511784511785
AGACAGACACTGAGTCTCAC,791,1.3316498316498318
TGTGACTCTGTGTGAGTCAC,9,0.015151515151515152
CACTCAGTGACTCTGACTCA,139,0.234006734006734
TGTGACTGTCAGTGTGTGAC,106,0.17845117845117844
GACTCTGAGTGAGTGTCTGA,312,0.5252525252525253
ACACTCTCTGTGTCTGTGTG,234,0.3939393939393939
CACTGACTCTCAGAGAGAGT,227,0.38215488215488214
TGACAGTCTCTGAGACACTG,259,0.43602693602693604
GTGAGAGTGTGACAGTGTGA,78,0.13131313131313133
GTCACAGACTGAGTGTCTGT,12,0.020202020202020204
CACACACTCACTCACACACA,46,0.07744107744107744
